,round_table_topic_url
0,https://www.zhihu.com/roundtable/tdzcphs
1,https://www.zhihu.com/roundtable/sciencefiction
2,https://www.zhihu.com/roundtable/quannengfangshai
3,https://www.zhihu.com/roundtable/lianghuiai
4,https://www.zhihu.com/roundtable/lianghuicaishui
5,https://www.zhihu.com/roundtable/lianghuiyanglao
6,https://www.zhihu.com/roundtable/lianghuixiaofei
7,https://www.zhihu.com/roundtable/zhishiyanjiusuo1
8,https://www.zhihu.com/roundtable/lianghuiloushi
9,https://www.zhihu.com/roundtable/shanganxue
10,https://www.zhihu.com/roundtable/wsmchsr
11,https://www.zhihu.com/roundtable/chunrizaichufa
12,https://www.zhihu.com/roundtable/2023wildlife
13,https://www.zhihu.com/roundtable/zhuanjiashiceulikebi
14,https://www.zhihu.com/roundtable/2023spring
15,https://www.zhihu.com/roundtable/jiazhuangkdb
16,https://www.zhihu.com/roundtable/russianuzbekistanconflict
17,https://www.zhihu.com/roundtable/springworkout
18,https://www.zhihu.com/roundtable/dianliang
19,https://www.zhihu.com/roundtable/aigcdaguojingzheng
20,https://www.zhihu.com/roundtable/aigczibendejiyu
21,https://www.zhihu.com/roundtable/2023hangtianji
22,https://www.zhihu.com/roundtable/aigczhongguotansuo
23,https://www.zhihu.com/roundtable/zhiyexinfengkou
24,https://www.zhihu.com/roundtable/chongsujiaoyu
25,https://www.zhihu.com/roundtable/jianguanyuzhili
26,https://www.zhihu.com/roundtable/yingyongxiangxiang
27,https://www.zhihu.com/roundtable/yuanliyuyanjin
28,https://www.zhihu.com/roundtable/aigcrjqy
29,https://www.zhihu.com/roundtable/aigcxjslc
30,https://www.zhihu.com/roundtable/kaixueyouqushi
31,https://www.zhihu.com/roundtable/qingrenjiechatgpt
32,https://www.zhihu.com/roundtable/qiangrendazhan
33,https://www.zhihu.com/roundtable/agugaige
34,https://www.zhihu.com/roundtable/2023qingrenjie
35,https://www.zhihu.com/roundtable/xinniantodojihua
36,https://www.zhihu.com/roundtable/chatgpt
37,https://www.zhihu.com/roundtable/zhenxinhua
38,https://www.zhihu.com/roundtable/2023xinchunfangyingshi
39,https://www.zhihu.com/roundtable/guonianhuijia
40,https://www.zhihu.com/roundtable/nongcunfangyi
41,https://www.zhihu.com/roundtable/2023chunjiehuijia
42,https://www.zhihu.com/roundtable/jsycxsh
43,https://www.zhihu.com/roundtable/cjxzx
44,https://www.zhihu.com/roundtable/guominjingjishuju2022
45,https://www.zhihu.com/roundtable/2023chunjie
46,https://www.zhihu.com/roundtable/quguohanjia
47,https://www.zhihu.com/roundtable/gushiguaitanye
48,https://www.zhihu.com/roundtable/2023zqzs
49,https://www.zhihu.com/roundtable/2023xinchunzhilv
50,https://www.zhihu.com/roundtable/anime202301
51,https://www.zhihu.com/roundtable/ruhezaizhichanghelin
52,https://www.zhihu.com/roundtable/ronaldo
53,https://www.zhihu.com/roundtable/arknights202301
54,https://www.zhihu.com/roundtable/hulianwanggongsiruhezhuanxing
55,https://www.zhihu.com/roundtable/ruheyuganrangaofenggongchu
56,https://www.zhihu.com/roundtable/2023daan
57,https://www.zhihu.com/roundtable/gzcz2022
58,https://www.zhihu.com/roundtable/meiguikanglao
59,https://www.zhihu.com/roundtable/fangdaidemimi
60,https://www.zhihu.com/roundtable/qcszmzcld
61,https://www.zhihu.com/roundtable/shuoshuonishenbianme
62,https://www.zhihu.com/roundtable/aigc
63,https://www.zhihu.com/roundtable/yirzhixia5
64,https://www.zhihu.com/roundtable/reading2022
65,https://www.zhihu.com/roundtable/xiangwangchundianchu
66,https://www.zhihu.com/roundtable/xinnengyuanqichedon
67,https://www.zhihu.com/roundtable/23kaoyan
68,https://www.zhihu.com/roundtable/yazhourenminganjikan
69,https://www.zhihu.com/roundtable/dingyiaijijiadian
70,https://www.zhihu.com/roundtable/fenxiangyigezhongguozhizao
71,https://www.zhihu.com/roundtable/nianhuokedaibiao
72,https://www.zhihu.com/roundtable/dongjian2023
73,https://www.zhihu.com/roundtable/yyzyda
74,https://www.zhihu.com/roundtable/chufangjiandekaifang
75,https://www.zhihu.com/roundtable/readingtour
76,https://www.zhihu.com/roundtable/lixiangchengshitan
77,https://www.zhihu.com/roundtable/chengzhangxiangweilai
78,https://www.zhihu.com/roundtable/yitongdengxingcanyu
79,https://www.zhihu.com/roundtable/yiqingfanghubaiwenba
80,https://www.zhihu.com/roundtable/filmandtvinwinter
81,https://www.zhihu.com/roundtable/2022filmandtelevision
82,https://www.zhihu.com/roundtable/game2022
83,https://www.zhihu.com/roundtable/yixinzhiming%20%7C%20sushu
84,https://www.zhihu.com/roundtable/sciinfi
85,https://www.zhihu.com/roundtable/suannaikexuefaze
86,https://www.zhihu.com/roundtable/wodezaorituixiugongl
87,https://www.zhihu.com/roundtable/tesilaruhua10nian
88,https://www.zhihu.com/roundtable/23guokao
89,https://www.zhihu.com/roundtable/xyjhdwm
90,https://www.zhihu.com/roundtable/proust
91,https://www.zhihu.com/roundtable/qatar2022
92,https://www.zhihu.com/roundtable/cncc2022
93,https://www.zhihu.com/roundtable/zhuli2023jiegaokao
94,https://www.zhihu.com/roundtable/daanbeihou
95,https://www.zhihu.com/roundtable/shumashijiebei
96,https://www.zhihu.com/roundtable/BLEACHqiannianxuezha
97,https://www.zhihu.com/roundtable/journalistsday
98,https://www.zhihu.com/roundtable/godofwar
99,https://www.zhihu.com/roundtable/midtermelection
100,https://www.zhihu.com/roundtable/2022zhuhaihangzhan
101,https://www.zhihu.com/roundtable/2022hwycx
102,https://www.zhihu.com/roundtable/lixiangjianzhu
103,https://www.zhihu.com/roundtable/cunba
104,https://www.zhihu.com/roundtable/arknights202211
105,https://www.zhihu.com/roundtable/swordsman
106,https://www.zhihu.com/roundtable/yameng
107,https://www.zhihu.com/roundtable/shishangdazhutiaozhansaishishangjijieling
108,https://www.zhihu.com/roundtable/dazhutiaozhansai
109,https://www.zhihu.com/roundtable/chihuoyanjiusuo
110,https://www.zhihu.com/roundtable/jinshishoushuneixies
111,https://www.zhihu.com/roundtable/tansuojifushuailaode
112,https://www.zhihu.com/roundtable/shiniankejitupo
113,https://www.zhihu.com/roundtable/dangdaihaizideyouqingshijie
114,https://www.zhihu.com/roundtable/ruheshixianjiatingj
115,https://www.zhihu.com/roundtable/code2022
116,https://www.zhihu.com/roundtable/guoyingyixia
117,https://www.zhihu.com/roundtable/gisjiuye
118,https://www.zhihu.com/roundtable/ti11
119,https://www.zhihu.com/roundtable/historicaltv
120,https://www.zhihu.com/roundtable/anime202210
121,https://www.zhihu.com/roundtable/nhlyb
122,https://www.zhihu.com/roundtable/gushiqimiaoye
123,https://www.zhihu.com/roundtable/s12
124,https://www.zhihu.com/roundtable/mengchongbaoweizhan
125,https://www.zhihu.com/roundtable/yxyanjiusuo
126,https://www.zhihu.com/roundtable/2022nobelprize
127,https://www.zhihu.com/roundtable/zhcxdmm
128,https://www.zhihu.com/roundtable/reading0926
129,https://www.zhihu.com/roundtable/zhirentishenzhinan
130,https://www.zhihu.com/roundtable/ruhebaituominganji
131,https://www.zhihu.com/roundtable/neverforgetlove
132,https://www.zhihu.com/roundtable/gerendingweiluopansh
133,https://www.zhihu.com/roundtable/shanghaicooperationorganization
134,https://www.zhihu.com/roundtable/shishangdazhutiaozhansaizhirenxinfengshang
135,https://www.zhihu.com/roundtable/920kexueshuaya100wen
136,https://www.zhihu.com/roundtable/baoyan9yuechongcijue
137,https://www.zhihu.com/roundtable/baobaodexiaodupi
138,https://www.zhihu.com/roundtable/aiyadeshiwangeweishenme
139,https://www.zhihu.com/roundtable/xinzhijiazhanghui
140,https://www.zhihu.com/roundtable/yingyinwaishe
141,https://www.zhihu.com/roundtable/londonbridgeisdown
142,https://www.zhihu.com/roundtable/chaochehaowu
143,https://www.zhihu.com/roundtable/yujianxinchao
144,https://www.zhihu.com/roundtable/zhaijiashenghuo
145,https://www.zhihu.com/roundtable/yangchongzhihou
146,https://www.zhihu.com/roundtable/yundongfengshang
147,https://www.zhihu.com/roundtable/shiweijianghu
148,https://www.zhihu.com/roundtable/ohwork2022
149,https://www.zhihu.com/roundtable/junhengyingyangshans
150,https://www.zhihu.com/roundtable/tuofazhenxiang
151,https://www.zhihu.com/roundtable/erciyuanwubianjie
152,https://www.zhihu.com/roundtable/appleevent2022
153,https://www.zhihu.com/roundtable/youxiaohufu
154,https://www.zhihu.com/roundtable/kexueyangmaojihua
155,https://www.zhihu.com/roundtable/huangyehuitan
156,https://www.zhihu.com/roundtable/youneixiemeihaodeton
157,https://www.zhihu.com/roundtable/dtcxdmm
158,https://www.zhihu.com/roundtable/xiangyaeryuanliuxiangfeng
159,https://www.zhihu.com/roundtable/genshin202208
160,https://www.zhihu.com/roundtable/nihaozaocanxingren
161,https://www.zhihu.com/roundtable/jiadeyanhuoqi
162,https://www.zhihu.com/roundtable/kejixinzhiyuexian
163,https://www.zhihu.com/roundtable/xiulikekangyang
164,https://www.zhihu.com/roundtable/changanmazidajiaqu
165,https://www.zhihu.com/roundtable/chengfenshiyanshi
166,https://www.zhihu.com/roundtable/2023gaokaobeikao
167,https://www.zhihu.com/roundtable/haizijinshizenmeban
168,https://www.zhihu.com/roundtable/zhiyea
169,https://www.zhihu.com/roundtable/larp2022
170,https://www.zhihu.com/roundtable/taihaijushi
171,https://www.zhihu.com/roundtable/liuhanjiuhejiadele
172,https://www.zhihu.com/roundtable/2022lpl
173,https://www.zhihu.com/roundtable/jiafenxiang
174,https://www.zhihu.com/roundtable/jiemiguxiangkanglao
175,https://www.zhihu.com/roundtable/tarushehuihoujinglig
176,https://www.zhihu.com/roundtable/jifudekexuezhixuan
177,https://www.zhihu.com/roundtable/augustlover
178,https://www.zhihu.com/roundtable/arknights2022
179,https://www.zhihu.com/roundtable/budayangdekafeiguan
180,https://www.zhihu.com/roundtable/tumuzhuanhang
181,https://www.zhihu.com/roundtable/dyzdxlx
182,https://www.zhihu.com/roundtable/fashionstyle1
183,https://www.zhihu.com/roundtable/youxixiatian
184,https://www.zhihu.com/roundtable/neixiebaozangzhonggu
185,https://www.zhihu.com/roundtable/pcyanjiusuo
186,https://www.zhihu.com/roundtable/xiarirupinzongdongyuan
187,https://www.zhihu.com/roundtable/usgdp
188,https://www.zhihu.com/roundtable/cyberman2022
189,https://www.zhihu.com/roundtable/sportsgeartalkbicycles
190,https://www.zhihu.com/roundtable/qiangpozhengkangfu
191,https://www.zhihu.com/roundtable/qcdpdmm
192,https://www.zhihu.com/roundtable/zhiyinhuikeshi
193,https://www.zhihu.com/roundtable/2023fallliuxueganhuo
194,https://www.zhihu.com/roundtable/chaojihangtianji
195,https://www.zhihu.com/roundtable/hunzhichenleiyuanzhuo
196,https://www.zhihu.com/roundtable/shishangdazhutiaozhansaiwanmeizhongxia
197,https://www.zhihu.com/roundtable/zhundaxuesheng
198,https://www.zhihu.com/roundtable/xiachuxingdong
199,https://www.zhihu.com/roundtable/biyehoucaizhidaodere
200,https://www.zhihu.com/roundtable/jinbu2022
201,https://www.zhihu.com/roundtable/weixiariganbei
202,https://www.zhihu.com/roundtable/shengxialidetongnian
203,https://www.zhihu.com/roundtable/genshin202207
204,https://www.zhihu.com/roundtable/travelsummer
205,https://www.zhihu.com/roundtable/summerfilm
206,https://www.zhihu.com/roundtable/haizeiwanghezhiguo
207,https://www.zhihu.com/roundtable/2022xia
208,https://www.zhihu.com/roundtable/xiariquanminyuedu
209,https://www.zhihu.com/roundtable/chaoguoxiatian
210,https://www.zhihu.com/roundtable/anbeijinsanyuci
211,https://www.zhihu.com/roundtable/anime202207
212,https://www.zhihu.com/roundtable/julylover
213,https://www.zhihu.com/roundtable/xiarishangyinjihua
214,https://www.zhihu.com/roundtable/2022hotfilmandtv
215,https://www.zhihu.com/roundtable/xiangganghuigui25zhounian
216,https://www.zhihu.com/roundtable/beiyuefenghui
217,https://www.zhihu.com/roundtable/zhaogerenliaoliao
218,https://www.zhihu.com/roundtable/fdjdmm
219,https://www.zhihu.com/roundtable/yundongjinxingshilanqiu
220,https://www.zhihu.com/roundtable/hezijihejie
221,https://www.zhihu.com/roundtable/fujianjian
222,https://www.zhihu.com/roundtable/zhichangren2022
223,https://www.zhihu.com/roundtable/3cshuma
224,https://www.zhihu.com/roundtable/wanwujiekeban
225,https://www.zhihu.com/roundtable/junelover
226,https://www.zhihu.com/roundtable/zufang
227,https://www.zhihu.com/roundtable/seethesea
228,https://www.zhihu.com/roundtable/kaoshixintai
229,https://www.zhihu.com/roundtable/jiesuomeihaoyuncheng
230,https://www.zhihu.com/roundtable/zidongjiashihunxingM
231,https://www.zhihu.com/roundtable/dierxueshixuewei2022
232,https://www.zhihu.com/roundtable/heniliaoliaoqingjian
233,https://www.zhihu.com/roundtable/qingchunxiangdangqiang
234,https://www.zhihu.com/roundtable/quannengwanjia
235,https://www.zhihu.com/roundtable/xianggeliladuihuahui
236,https://www.zhihu.com/roundtable/lightspeedstudios
237,https://www.zhihu.com/roundtable/22zhiyuantianbao
238,https://www.zhihu.com/roundtable/kexueyuyishuzhige
239,https://www.zhihu.com/roundtable/bridal2022
240,https://www.zhihu.com/roundtable/renrendounengtingdon
241,https://www.zhihu.com/roundtable/qingshuanghufu
242,https://www.zhihu.com/roundtable/gametech
243,https://www.zhihu.com/roundtable/filmappreciation
244,https://www.zhihu.com/roundtable/2023baoyanxialingying
245,https://www.zhihu.com/roundtable/mianliao
246,https://www.zhihu.com/roundtable/lvsecailiao
247,https://www.zhihu.com/roundtable/haoqitianwentuan
248,https://www.zhihu.com/roundtable/yishutansuohao
249,https://www.zhihu.com/roundtable/kejishiguangji
250,https://www.zhihu.com/roundtable/guoqizhichangneixies
251,https://www.zhihu.com/roundtable/2022618
252,https://www.zhihu.com/roundtable/sdjsdmm
253,https://www.zhihu.com/roundtable/wanwujiekekao
254,https://www.zhihu.com/roundtable/futureanswers
255,https://www.zhihu.com/roundtable/museum
256,https://www.zhihu.com/roundtable/pifushuailaodeweiyuyan
257,https://www.zhihu.com/roundtable/sportscitech1sneaker
258,https://www.zhihu.com/roundtable/yingteerOnchanyech
259,https://www.zhihu.com/roundtable/morethanjustfriends
260,https://www.zhihu.com/roundtable/goodbyesingle
261,https://www.zhihu.com/roundtable/2022msi
262,https://www.zhihu.com/roundtable/2022gaokao
263,https://www.zhihu.com/roundtable/ctcbattery
264,https://www.zhihu.com/roundtable/homelighting
265,https://www.zhihu.com/roundtable/fragrance2022
266,https://www.zhihu.com/roundtable/zoujinyuwenshijie
267,https://www.zhihu.com/roundtable/xinlizixunshide
268,https://www.zhihu.com/roundtable/mingrifangzhou
269,https://www.zhihu.com/roundtable/kuaihuochengzhangxiaochangshi
270,https://www.zhihu.com/roundtable/boniaosuandelingyimian
271,https://www.zhihu.com/roundtable/girlsreadbooks
272,https://www.zhihu.com/roundtable/honeytogether
273,https://www.zhihu.com/roundtable/yingyuyuedu
274,https://www.zhihu.com/roundtable/nyjsdmm
275,https://www.zhihu.com/roundtable/jiegouchuangye
276,https://www.zhihu.com/roundtable/wanwujiekezha
277,https://www.zhihu.com/roundtable/baoyangonglve
278,https://www.zhihu.com/roundtable/meibaifangshai
279,https://www.zhihu.com/roundtable/chanhoudashixiaoshi
280,https://www.zhihu.com/roundtable/jiadianhuanxin
281,https://www.zhihu.com/roundtable/playoffs2022
282,https://www.zhihu.com/roundtable/aizhengfangzhi
283,https://www.zhihu.com/roundtable/yasibeikaozhinan
284,https://www.zhihu.com/roundtable/lvyexianzong
285,https://www.zhihu.com/roundtable/read2022
286,https://www.zhihu.com/roundtable/kejishinian
287,https://www.zhihu.com/roundtable/yiqingxiadedagongren
288,https://www.zhihu.com/roundtable/chunzhaoruheshouhuo
289,https://www.zhihu.com/roundtable/sanguolishiwenhuazhu
290,https://www.zhihu.com/roundtable/dangyiqing
291,https://www.zhihu.com/roundtable/camping
292,https://www.zhihu.com/roundtable/yuanchengbangongjinx
293,https://www.zhihu.com/roundtable/kexueliaochengfen
294,https://www.zhihu.com/roundtable/fantasticbeasts3
295,https://www.zhihu.com/roundtable/anime202204
296,https://www.zhihu.com/roundtable/kexueqiuzhenshenglao
297,https://www.zhihu.com/roundtable/xiguan
298,https://www.zhihu.com/roundtable/dimenkandajiangerenl
299,https://www.zhihu.com/roundtable/watch2022
300,https://www.zhihu.com/roundtable/2022lplchunjue
301,https://www.zhihu.com/roundtable/sanguosha
302,https://www.zhihu.com/roundtable/zhichangpuazenmeying
303,https://www.zhihu.com/roundtable/0tangzhishangshui
304,https://www.zhihu.com/roundtable/yonghushixuxinshilih
305,https://www.zhihu.com/roundtable/bianchengxuexi2022
306,https://www.zhihu.com/roundtable/znzcdmm
307,https://www.zhihu.com/roundtable/yibudianjingshoujide
308,https://www.zhihu.com/roundtable/zaqianyimeijiugoulema
309,https://www.zhihu.com/roundtable/houyiqingshidaidexin
310,https://www.zhihu.com/roundtable/suxiushuang
311,https://www.zhihu.com/roundtable/thebatman2022
312,https://www.zhihu.com/roundtable/chunjikaixue2022
313,https://www.zhihu.com/roundtable/shuangxiangqinggan
314,https://www.zhihu.com/roundtable/springtravelincity
315,https://www.zhihu.com/roundtable/hchosecrets
316,https://www.zhihu.com/roundtable/mdqwzfs
317,https://www.zhihu.com/roundtable/zfj123456
318,https://www.zhihu.com/roundtable/nvxingdiqingganyuren
319,https://www.zhihu.com/roundtable/nvta
320,https://www.zhihu.com/roundtable/marchsosweet
321,https://www.zhihu.com/roundtable/yikouchichuchunziwei
322,https://www.zhihu.com/roundtable/zhengjiuhuanjiweiji
323,https://www.zhihu.com/roundtable/xmgl
324,https://www.zhihu.com/roundtable/hufupinkanglaogongxi
325,https://www.zhihu.com/roundtable/kyfstjjxs
326,https://www.zhihu.com/roundtable/jujiawuzhangai
327,https://www.zhihu.com/roundtable/eldenring
328,https://www.zhihu.com/roundtable/2022geshuihuisuanqin
329,https://www.zhihu.com/roundtable/kaoyantiaoji
330,https://www.zhihu.com/roundtable/2022gaokaochongci
331,https://www.zhihu.com/roundtable/zhizhaobeiyun
332,https://www.zhihu.com/roundtable/kexueyouta
333,https://www.zhihu.com/roundtable/zhongjikuaijibeikaog
334,https://www.zhihu.com/roundtable/falvxingkongzhongnei
335,https://www.zhihu.com/roundtable/nirenweidezilvshenghuo
336,https://www.zhihu.com/roundtable/genshin2022
337,https://www.zhihu.com/roundtable/jiaogyuanshuang
338,https://www.zhihu.com/roundtable/hangzhouxiaowo
339,https://www.zhihu.com/roundtable/shezaqingnian-jiuyao
340,https://www.zhihu.com/roundtable/wangzheguonian
341,https://www.zhihu.com/roundtable/beijing2022
342,https://www.zhihu.com/roundtable/nianweixinzhi
343,https://www.zhihu.com/roundtable/22ximao
344,https://www.zhihu.com/roundtable/lolmkuanghuan
345,https://www.zhihu.com/roundtable/2022daguoniande
346,https://www.zhihu.com/roundtable/2022chunjizhengbingz
347,https://www.zhihu.com/roundtable/nianyefan
348,https://www.zhihu.com/roundtable/hufuhuazhuangnongchu
349,https://www.zhihu.com/roundtable/changliaogudianjita
350,https://www.zhihu.com/roundtable/PSVdemeihaoniandai
351,https://www.zhihu.com/roundtable/zhihuzheye
352,https://www.zhihu.com/roundtable/fuyejinxingshi
353,https://www.zhihu.com/roundtable/2022xinchunfangyingshi
354,https://www.zhihu.com/roundtable/hunianlook
355,https://www.zhihu.com/roundtable/nianshishenme
356,https://www.zhihu.com/roundtable/cityfunplayer
357,https://www.zhihu.com/roundtable/qidaiguonianhoubango
358,https://www.zhihu.com/roundtable/xinchungift2022
359,https://www.zhihu.com/roundtable/zhonggaokaokaosheng
360,https://www.zhihu.com/roundtable/2022career
361,https://www.zhihu.com/roundtable/xinchunjianianhua2022
362,https://www.zhihu.com/roundtable/saibofushengji
363,https://www.zhihu.com/roundtable/yuanyuzhoushidaidesu
364,https://www.zhihu.com/roundtable/hunlichoubeichuang
365,https://www.zhihu.com/roundtable/lplzssd
366,https://www.zhihu.com/roundtable/kjcbmmg
367,https://www.zhihu.com/roundtable/suoyourennianzhong
368,https://www.zhihu.com/roundtable/anime202201
369,https://www.zhihu.com/roundtable/minganqinglingwansh
370,https://www.zhihu.com/roundtable/weilaiyongyunzhongji
371,https://www.zhihu.com/roundtable/2022shumaxinchaoliu
372,https://www.zhihu.com/roundtable/2022nianzhucekuaiji
373,https://www.zhihu.com/roundtable/tongnianhuoban
374,https://www.zhihu.com/roundtable/2021zgdj
375,https://www.zhihu.com/roundtable/zhedieping2022
376,https://www.zhihu.com/roundtable/sports2021
377,https://www.zhihu.com/roundtable/kaituanla
378,https://www.zhihu.com/roundtable/ziyouzhiyezhebaipish
379,https://www.zhihu.com/roundtable/shangfen
380,https://www.zhihu.com/roundtable/nianzhongfupanlicai
381,https://www.zhihu.com/roundtable/changxiangweilaixins
382,https://www.zhihu.com/roundtable/qinglvchaojiaruhedaoqian
383,https://www.zhihu.com/roundtable/pandianyunjisuanzuix
384,https://www.zhihu.com/roundtable/faxuemengxin
385,https://www.zhihu.com/roundtable/realme
386,https://www.zhihu.com/roundtable/2022nihaoyingjiex
387,https://www.zhihu.com/roundtable/wangwenxiezuobianx
388,https://www.zhihu.com/roundtable/kaiqiheguishidai
389,https://www.zhihu.com/roundtable/2021filmandtelevision
390,https://www.zhihu.com/roundtable/guohuodashang
391,https://www.zhihu.com/roundtable/zhongguozhizao
392,https://www.zhihu.com/roundtable/shejianshangdejiyi
393,https://www.zhihu.com/roundtable/weirenfumuzheyinian
394,https://www.zhihu.com/roundtable/2021travel
395,https://www.zhihu.com/roundtable/fortytwo
396,https://www.zhihu.com/roundtable/skiing2022
397,https://www.zhihu.com/roundtable/jiadeqianwanzhongqidai
398,https://www.zhihu.com/roundtable/2021nianzhongfuli
399,https://www.zhihu.com/roundtable/2021year
400,https://www.zhihu.com/roundtable/psyconst
401,https://www.zhihu.com/roundtable/jingtoulidegushi
402,https://www.zhihu.com/roundtable/game2021
403,https://www.zhihu.com/roundtable/gift2021
404,https://www.zhihu.com/roundtable/yingyangxinshend
405,https://www.zhihu.com/roundtable/timi13
406,https://www.zhihu.com/roundtable/jojo
407,https://www.zhihu.com/roundtable/yuanyuzhouxushi
408,https://www.zhihu.com/roundtable/2022geshuizhuanxiang
409,https://www.zhihu.com/roundtable/kaoyanjingyan
410,https://www.zhihu.com/roundtable/aikedaxunfei
411,https://www.zhihu.com/roundtable/shuzirenbaohuobeihou
412,https://www.zhihu.com/roundtable/qiaoqiaobianbai
413,https://www.zhihu.com/roundtable/qcjg
414,https://www.zhihu.com/roundtable/fashuoshanganjihua
415,https://www.zhihu.com/roundtable/winterhome
416,https://www.zhihu.com/roundtable/liaoliaohaomiboleida
417,https://www.zhihu.com/roundtable/dongrixiawucha
418,https://www.zhihu.com/roundtable/guomanluzaihefang
419,https://www.zhihu.com/roundtable/winter2travel
420,https://www.zhihu.com/roundtable/shiwangehuida
421,https://www.zhihu.com/roundtable/youshizhishizhenzhipai
422,https://www.zhihu.com/roundtable/jump
423,https://www.zhihu.com/roundtable/huoguojianghu
424,https://www.zhihu.com/roundtable/2021car
425,https://www.zhihu.com/roundtable/yimiaorudong
426,https://www.zhihu.com/roundtable/poxiaobei
427,https://www.zhihu.com/roundtable/ruheduguohuangtang
428,https://www.zhihu.com/roundtable/qiqiguaiguaidezhubao
429,https://www.zhihu.com/roundtable/yinianyiduxijudasai
430,https://www.zhihu.com/roundtable/duiweilaidetiwen
431,https://www.zhihu.com/roundtable/comedy
432,https://www.zhihu.com/roundtable/zhihurili2022
433,https://www.zhihu.com/roundtable/zdjsjs
434,https://www.zhihu.com/roundtable/xinshouruhegupiaokai
435,https://www.zhihu.com/roundtable/chuhuibeikaojiayou
436,https://www.zhihu.com/roundtable/wangzheliuzhounian
437,https://www.zhihu.com/roundtable/xiangqinzongshi
438,https://www.zhihu.com/roundtable/2022guokao
439,https://www.zhihu.com/roundtable/yishengshi
440,https://www.zhihu.com/roundtable/oumengzhurou
441,https://www.zhihu.com/roundtable/1024chengxuyuan
442,https://www.zhihu.com/roundtable/gungaosanyilunfuxi
443,https://www.zhihu.com/roundtable/chaozhiyanjiusuo2021
444,https://www.zhihu.com/roundtable/zhunbeiliuxue
445,https://www.zhihu.com/roundtable/dubonizhunbeihaolema
446,https://www.zhihu.com/roundtable/heyeneirenshiyiqilia
447,https://www.zhihu.com/roundtable/shejichangliaoji
448,https://www.zhihu.com/roundtable/baijiayouli
449,https://www.zhihu.com/roundtable/dune2021
450,https://www.zhihu.com/roundtable/dlzc
451,https://www.zhihu.com/roundtable/xianjian7
452,https://www.zhihu.com/roundtable/ribenliuxuegonglve
453,https://www.zhihu.com/roundtable/jiazhuangjinjieyiti
454,https://www.zhihu.com/roundtable/keyanrendedaan
455,https://www.zhihu.com/roundtable/anime202110
456,https://www.zhihu.com/roundtable/buxianhao
457,https://www.zhihu.com/roundtable/haoqijiazhanghui
458,https://www.zhihu.com/roundtable/2021jingjixinnengyuanqiche
459,https://www.zhihu.com/roundtable/shengwuduoyangxingdahui
460,https://www.zhihu.com/roundtable/youshizhishidierqi
461,https://www.zhihu.com/roundtable/ti10
462,https://www.zhihu.com/roundtable/s11
463,https://www.zhihu.com/roundtable/zhuceshangbiaonanma
464,https://www.zhihu.com/roundtable/ruhewanzhuanpinpaili
465,https://www.zhihu.com/roundtable/gaoxiaobeizhankaoyan
466,https://www.zhihu.com/roundtable/2021nobleprize
467,https://www.zhihu.com/roundtable/jiaxiaolechuangyeh
468,https://www.zhihu.com/roundtable/kaoyanorliuxue
469,https://www.zhihu.com/roundtable/xianggangyoucaijihua
470,https://www.zhihu.com/roundtable/yiren
471,https://www.zhihu.com/roundtable/wangzhanshejiwangye
472,https://www.zhihu.com/roundtable/logoshejibiaozhishe
473,https://www.zhihu.com/roundtable/cutepets
474,https://www.zhihu.com/roundtable/yueryanjiu
475,https://www.zhihu.com/roundtable/wunibumingtianrangm
476,https://www.zhihu.com/roundtable/laosijiyangchengjihu
477,https://www.zhihu.com/roundtable/ruhegenyuankanglao
478,https://www.zhihu.com/roundtable/pingfanren2021
479,https://www.zhihu.com/roundtable/gonglvegunlanqiuxiez
480,https://www.zhihu.com/roundtable/youshizhishimeishizhan
481,https://www.zhihu.com/roundtable/2022qiuzhao02
482,https://www.zhihu.com/roundtable/yijianruqiu
483,https://www.zhihu.com/roundtable/gaojiwenanshe
484,https://www.zhihu.com/roundtable/jichengchuantongbai
485,https://www.zhihu.com/roundtable/fallhome
486,https://www.zhihu.com/roundtable/ribenduyan
487,https://www.zhihu.com/roundtable/baoyan9tui
488,https://www.zhihu.com/roundtable/101travel
489,https://www.zhihu.com/roundtable/wukelanliuxue
490,https://www.zhihu.com/roundtable/suyanshuang
491,https://www.zhihu.com/roundtable/jijiuzhiduoshao
492,https://www.zhihu.com/roundtable/zaizhikaoyan
493,https://www.zhihu.com/roundtable/appleevent2021
494,https://www.zhihu.com/roundtable/wuxiayingshigaibiand
495,https://www.zhihu.com/roundtable/kaixuejilaosiji
496,https://www.zhihu.com/roundtable/qingchunqinifan
497,https://www.zhihu.com/roundtable/kehuanjinhuabenyin
498,https://www.zhihu.com/roundtable/zhmsxianweidangshi
499,https://www.zhihu.com/roundtable/jiaoshijiebiaobai
500,https://www.zhihu.com/roundtable/lizhixuetang
501,https://www.zhihu.com/roundtable/shuxueyushuxuejianmo
502,https://www.zhihu.com/roundtable/yanxuqingchun
503,https://www.zhihu.com/roundtable/xinzangzijiu
504,https://www.zhihu.com/roundtable/axjqslyyds
505,https://www.zhihu.com/roundtable/shujujinengjinjiezhi
506,https://www.zhihu.com/roundtable/anxinbianmei
507,https://www.zhihu.com/roundtable/banhuidiyikecongxin
508,https://www.zhihu.com/roundtable/huazhuangdiyike
509,https://www.zhihu.com/roundtable/2021lpl
510,https://www.zhihu.com/roundtable/zuizhidetuijiandefen
511,https://www.zhihu.com/roundtable/ihome
512,https://www.zhihu.com/roundtable/genshin
513,https://www.zhihu.com/roundtable/chemaman
514,https://www.zhihu.com/roundtable/21kaixue
515,https://www.zhihu.com/roundtable/yujianxinxueqi
516,https://www.zhihu.com/roundtable/zncx
517,https://www.zhihu.com/roundtable/zaizhikaozheng
518,https://www.zhihu.com/roundtable/keshixianbeidongshou
519,https://www.zhihu.com/roundtable/shujufenxikeshih
520,https://www.zhihu.com/roundtable/book2021
521,https://www.zhihu.com/roundtable/gonglvegunshandizixi
522,https://www.zhihu.com/roundtable/zixuekaoshi
523,https://www.zhihu.com/roundtable/kangyizhishikufangf
524,https://www.zhihu.com/roundtable/3dshijuerumencongrum
525,https://www.zhihu.com/roundtable/zhizhaoshujia02
526,https://www.zhihu.com/roundtable/chongciban
527,https://www.zhihu.com/roundtable/qixizhiyu
528,https://www.zhihu.com/roundtable/zhihzhaomurumama
529,https://www.zhihu.com/roundtable/taocimeixuedingyixi
530,https://www.zhihu.com/roundtable/2022qiuzhao01
531,https://www.zhihu.com/roundtable/wentijigaofengluntan
532,https://www.zhihu.com/roundtable/2021nianyouneixietui
533,https://www.zhihu.com/roundtable/coffee07
534,https://www.zhihu.com/roundtable/daxuezhuanyexuanze
535,https://www.zhihu.com/roundtable/foodyexiao
536,https://www.zhihu.com/roundtable/foodxiarijiuyin
537,https://www.zhihu.com/roundtable/transformertaolun
538,https://www.zhihu.com/roundtable/gonglvechuxuezheji
539,https://www.zhihu.com/roundtable/qmdj
540,https://www.zhihu.com/roundtable/xinliqinziguanxiying
541,https://www.zhihu.com/roundtable/niurenreliaoshuju
542,https://www.zhihu.com/roundtable/summeroutdoors
543,https://www.zhihu.com/roundtable/beikaofalvshuoshi
544,https://www.zhihu.com/roundtable/chengdustyle
545,https://www.zhihu.com/roundtable/sheishinixinzhongzui
546,https://www.zhihu.com/roundtable/tokyo2020
547,https://www.zhihu.com/roundtable/zaizhiyanjiushengbao
548,https://www.zhihu.com/roundtable/dragonball
549,https://www.zhihu.com/roundtable/yanxuezhengguanxinyi
550,https://www.zhihu.com/roundtable/hanjianerbugudan
551,https://www.zhihu.com/roundtable/xiatianlaileyaogandi
552,https://www.zhihu.com/roundtable/qingsongxueriyu
553,https://www.zhihu.com/roundtable/haiwaizhiyedeneixies
554,https://www.zhihu.com/roundtable/22kaoyan
555,https://www.zhihu.com/roundtable/zhizhaoshujia01
556,https://www.zhihu.com/roundtable/zuzhiyanwen
557,https://www.zhihu.com/roundtable/shishiziyouyanlun
558,https://www.zhihu.com/roundtable/torchfantasy
559,https://www.zhihu.com/roundtable/shujiajianzhijinxing
560,https://www.zhihu.com/roundtable/shiqiandongwuyuan
561,https://www.zhihu.com/roundtable/bayademizhiwujie
562,https://www.zhihu.com/roundtable/xinxiaofeishidaideji
563,https://www.zhihu.com/roundtable/huaxuedehaizimenxiat
564,https://www.zhihu.com/roundtable/kaixueji2021
565,https://www.zhihu.com/roundtable/lovestory
566,https://www.zhihu.com/roundtable/xinfan202107
567,https://www.zhihu.com/roundtable/xiangzhidaogunxinsho
568,https://www.zhihu.com/roundtable/baoxianyouwendu
569,https://www.zhihu.com/roundtable/gaokaofuxi
570,https://www.zhihu.com/roundtable/xuanchuanceshejihua
571,https://www.zhihu.com/roundtable/funtoys
572,https://www.zhihu.com/roundtable/shujiatravel
573,https://www.zhihu.com/roundtable/dashujuheshuzihuazhu
574,https://www.zhihu.com/roundtable/summerseries
575,https://www.zhihu.com/roundtable/bianmei
576,https://www.zhihu.com/roundtable/kexuejiadainitianzhi
577,https://www.zhihu.com/roundtable/yasibeikaoneixieshi
578,https://www.zhihu.com/roundtable/sanhaishidainvxing
579,https://www.zhihu.com/roundtable/ribensishudezhengque
580,https://www.zhihu.com/roundtable/fuxioryuxi
581,https://www.zhihu.com/roundtable/jiaoyuandanbai
582,https://www.zhihu.com/roundtable/xinmeitirenweilaijia
583,https://www.zhihu.com/roundtable/xueche
584,https://www.zhihu.com/roundtable/xinjiapowenhuadashan
585,https://www.zhihu.com/roundtable/haiwaishenghuodeneix
586,https://www.zhihu.com/roundtable/yinyuekaoyan
587,https://www.zhihu.com/roundtable/tingshuonihenxianmuz
588,https://www.zhihu.com/roundtable/chuanyuezheshengcunz
589,https://www.zhihu.com/roundtable/lihailebaba
590,https://www.zhihu.com/roundtable/zaizhiyanjiusheng
591,https://www.zhihu.com/roundtable/liuxueyidalidaodizen
592,https://www.zhihu.com/roundtable/baoyanxialingying
593,https://www.zhihu.com/roundtable/zufangshenghuozhinan
594,https://www.zhihu.com/roundtable/xiayizhandaxue
595,https://www.zhihu.com/roundtable/congchuanboxueshijia
596,https://www.zhihu.com/roundtable/euro2020
597,https://www.zhihu.com/roundtable/dianjingdexiatian
598,https://www.zhihu.com/roundtable/summervacation
599,https://www.zhihu.com/roundtable/yidaliliuxue
600,https://www.zhihu.com/roundtable/2021e3
601,https://www.zhihu.com/roundtable/xifeiligangbidelishi
602,https://www.zhihu.com/roundtable/jisuanjizhuanyeouzho
603,https://www.zhihu.com/roundtable/chinaracing
604,https://www.zhihu.com/roundtable/liaobuqidehanjianrensheng
605,https://www.zhihu.com/roundtable/haoshufenxianghui
606,https://www.zhihu.com/roundtable/tongxintiwen
607,https://www.zhihu.com/roundtable/qutadelunwen
608,https://www.zhihu.com/roundtable/bcc0602
609,https://www.zhihu.com/roundtable/gongyesheji
610,https://www.zhihu.com/roundtable/banhuijinjiexuexizhi
611,https://www.zhihu.com/roundtable/guoxuezhishidajiang
612,https://www.zhihu.com/roundtable/guochao
613,https://www.zhihu.com/roundtable/xuangoudiandonghuaba
614,https://www.zhihu.com/roundtable/bainianfenghuajunha1
615,https://www.zhihu.com/roundtable/dongnandaxuemengnash
616,https://www.zhihu.com/roundtable/kechuangzhongguo
617,https://www.zhihu.com/roundtable/renshengdedaolu
618,https://www.zhihu.com/roundtable/wuwenchuangxin
619,https://www.zhihu.com/roundtable/618buy
620,https://www.zhihu.com/roundtable/2021jinrongcareer
621,https://www.zhihu.com/roundtable/2021gaokaochongci
622,https://www.zhihu.com/roundtable/ruhegenghaoshishidua
623,https://www.zhihu.com/roundtable/hulianwangshuangchu
624,https://www.zhihu.com/roundtable/museum2021
625,https://www.zhihu.com/roundtable/deskseason2
626,https://www.zhihu.com/roundtable/zhichangzhenghouqund
627,https://www.zhihu.com/roundtable/shapeoflove
628,https://www.zhihu.com/roundtable/makesizhuyizhexue
629,https://www.zhihu.com/roundtable/chengdu2021
630,https://www.zhihu.com/roundtable/askyourquestion
631,https://www.zhihu.com/roundtable/jinrongbiyeshengjiuy
632,https://www.zhihu.com/roundtable/30buhuo
633,https://www.zhihu.com/roundtable/sciencesolution
634,https://www.zhihu.com/roundtable/fangzhajinengyanjius
635,https://www.zhihu.com/roundtable/beixuanzhaodehaizime
636,https://www.zhihu.com/roundtable/zhizhaomama
637,https://www.zhihu.com/roundtable/2021msi
638,https://www.zhihu.com/roundtable/chinacar
639,https://www.zhihu.com/roundtable/qipashuochilaideyuan
640,https://www.zhihu.com/roundtable/zhongguogudianwenhua
641,https://www.zhihu.com/roundtable/yinhangmianshibeikao
642,https://www.zhihu.com/roundtable/2021baoyan
643,https://www.zhihu.com/roundtable/lixiafood
644,https://www.zhihu.com/roundtable/caobanhunli
645,https://www.zhihu.com/roundtable/hpvvaccine
646,https://www.zhihu.com/roundtable/hebeishifanda
647,https://www.zhihu.com/roundtable/zhifilmandtele
648,https://www.zhihu.com/roundtable/lanqiuzenmexuan
649,https://www.zhihu.com/roundtable/dichanjinrongshiwu
650,https://www.zhihu.com/roundtable/dongnanmengnashigong
651,https://www.zhihu.com/roundtable/tounaofengbao
652,https://www.zhihu.com/roundtable/sheinhaishiankechuan
653,https://www.zhihu.com/roundtable/2021shengqianxiaomia
654,https://www.zhihu.com/roundtable/caiwurensheng
655,https://www.zhihu.com/roundtable/minishikemorexiang
656,https://www.zhihu.com/roundtable/liuxuezhongjieyou
657,https://www.zhihu.com/roundtable/xiandaishijuewenhuay
658,https://www.zhihu.com/roundtable/yizhibanjie
659,https://www.zhihu.com/roundtable/daguohangtian
660,https://www.zhihu.com/roundtable/qingganhudong
661,https://www.zhihu.com/roundtable/kepuduwu
662,https://www.zhihu.com/roundtable/zhanwangchaiyaoshouyi
663,https://www.zhihu.com/roundtable/nizhishizanshi
664,https://www.zhihu.com/roundtable/chaonan
665,https://www.zhihu.com/roundtable/playingfortheplanet
666,https://www.zhihu.com/roundtable/51travel
667,https://www.zhihu.com/roundtable/kaifanggongsheng%20zhi
668,https://www.zhihu.com/roundtable/xifangzhexue
669,https://www.zhihu.com/roundtable/yishicihuiyou
670,https://www.zhihu.com/roundtable/2021springqz
671,https://www.zhihu.com/roundtable/yikuanhaobaoxianchan
672,https://www.zhihu.com/roundtable/22kaoyanzexiaoyubeik
673,https://www.zhihu.com/roundtable/smarthome2021
674,https://www.zhihu.com/roundtable/baoyanbeizhan
675,https://www.zhihu.com/roundtable/wangyangming
676,https://www.zhihu.com/roundtable/xiaohuxingdabianshen
677,https://www.zhihu.com/roundtable/yingguoliuxuezhinan
678,https://www.zhihu.com/roundtable/weidiqiujieda
679,https://www.zhihu.com/roundtable/shapingjingdezhen
680,https://www.zhihu.com/roundtable/xinfan202104
681,https://www.zhihu.com/roundtable/5nianzhifenlingjiang
682,https://www.zhihu.com/roundtable/wuhanfood
683,https://www.zhihu.com/roundtable/shcz
684,https://www.zhihu.com/roundtable/youjiweiyangxinfangs
685,https://www.zhihu.com/roundtable/nanhaigushiguan
686,https://www.zhihu.com/roundtable/yanbuwenti
687,https://www.zhihu.com/roundtable/yujiantongshu
688,https://www.zhihu.com/roundtable/reading2021
689,https://www.zhihu.com/roundtable/zhongguozhexueyaogua
690,https://www.zhihu.com/roundtable/chunjichujie
691,https://www.zhihu.com/roundtable/hanyurumenxuexi
692,https://www.zhihu.com/roundtable/jixunhuashizenmexuan
693,https://www.zhihu.com/roundtable/qingchunwuzha
694,https://www.zhihu.com/roundtable/shehuigongzhiduoshao
695,https://www.zhihu.com/roundtable/yasibeikao
696,https://www.zhihu.com/roundtable/bugududechengzhanglu
697,https://www.zhihu.com/roundtable/gupiaotouzijiaoyirum
698,https://www.zhihu.com/roundtable/hebeishidakaoyan
699,https://www.zhihu.com/roundtable/jiaoshizigezheng
700,https://www.zhihu.com/roundtable/juzijiujia
701,https://www.zhihu.com/roundtable/hanyuxuexifenxiang
702,https://www.zhihu.com/roundtable/springfood
703,https://www.zhihu.com/roundtable/kejichuangxinzhishi
704,https://www.zhihu.com/roundtable/zhexuekaoyan
705,https://www.zhihu.com/roundtable/qiyeshuzihuazhuanxin
706,https://www.zhihu.com/roundtable/sishenlailezhisanguo
707,https://www.zhihu.com/roundtable/shanghaichabansheng
708,https://www.zhihu.com/roundtable/darenqinghuida
709,https://www.zhihu.com/roundtable/beijingfood
710,https://www.zhihu.com/roundtable/shiheyuanfangdaiwaka
711,https://www.zhihu.com/roundtable/yuersiweijinhualun
712,https://www.zhihu.com/roundtable/car315
713,https://www.zhihu.com/roundtable/yinhanglidenadianshi
714,https://www.zhihu.com/roundtable/kaolaoshi
715,https://www.zhihu.com/roundtable/2021kaoyanfushizhina
716,https://www.zhihu.com/roundtable/zhinengjiashijinhual
717,https://www.zhihu.com/roundtable/nvxingkexueyangsheng
718,https://www.zhihu.com/roundtable/yidiliangunaiyubuaid
719,https://www.zhihu.com/roundtable/taxuanyan
720,https://www.zhihu.com/roundtable/zaibianjiaoshi
721,https://www.zhihu.com/roundtable/meilifangfalun
722,https://www.zhihu.com/roundtable/kaiyikaifalvnaodong
723,https://www.zhihu.com/roundtable/zhinvxing
724,https://www.zhihu.com/roundtable/shounadazuozhan
725,https://www.zhihu.com/roundtable/haochiqingnian
726,https://www.zhihu.com/roundtable/newterm2021
727,https://www.zhihu.com/roundtable/kaoyantiaojijingyan
728,https://www.zhihu.com/roundtable/linxuanzhenxiang
729,https://www.zhihu.com/roundtable/shisiwuqinghuida
730,https://www.zhihu.com/roundtable/xinpinqingbaojugunre
731,https://www.zhihu.com/roundtable/2021tumugongcheng
732,https://www.zhihu.com/roundtable/2022nianrendafaxueka
733,https://www.zhihu.com/roundtable/wayaokaixuemabuhuang
734,https://www.zhihu.com/roundtable/niweishenmexiangdang
735,https://www.zhihu.com/roundtable/zhengjiubukaisen
736,https://www.zhihu.com/roundtable/hebeishifandaxueyanj
737,https://www.zhihu.com/roundtable/qiangpozheng
738,https://www.zhihu.com/roundtable/kaoyantiaojiyanjiush
739,https://www.zhihu.com/roundtable/yangchemiji
740,https://www.zhihu.com/roundtable/cny2021
741,https://www.zhihu.com/roundtable/rustyuyanyuanzhuoni
742,https://www.zhihu.com/roundtable/woyouxinbing
743,https://www.zhihu.com/roundtable/zhaijiapeiban
744,https://www.zhihu.com/roundtable/shadiaofalvanjian
745,https://www.zhihu.com/roundtable/yiainanqiugunxianxia
746,https://www.zhihu.com/roundtable/yinxingyachijiaozheng
747,https://www.zhihu.com/roundtable/yinghaoyunnianbaiwa
748,https://www.zhihu.com/roundtable/dangjiqixuexiyudaozi
749,https://www.zhihu.com/roundtable/wanzhuanchuangsai
750,https://www.zhihu.com/roundtable/2021chunjiedeneixi
751,https://www.zhihu.com/roundtable/xinchunfangyingshi
752,https://www.zhihu.com/roundtable/jingdongxinpinqingba
753,https://www.zhihu.com/roundtable/2021nyfdjs
754,https://www.zhihu.com/roundtable/wenanjiyingxinnian
755,https://www.zhihu.com/roundtable/familispring
756,https://www.zhihu.com/roundtable/huaeryushenghuo
757,https://www.zhihu.com/roundtable/shadiaodanganguan
758,https://www.zhihu.com/roundtable/2021ruheduofangfaron
759,https://www.zhihu.com/roundtable/niunian2021
760,https://www.zhihu.com/roundtable/ruhegaoxiaogongzuo
761,https://www.zhihu.com/roundtable/xinnianlicaijihua
762,https://www.zhihu.com/roundtable/guanyubaikedeyiqie
763,https://www.zhihu.com/roundtable/2021gaokao
764,https://www.zhihu.com/roundtable/futurecar
765,https://www.zhihu.com/roundtable/dushengzinvyinggaize
766,https://www.zhihu.com/roundtable/qimiaoditushejijinji
767,https://www.zhihu.com/roundtable/shenghuahuancaizahuo
768,https://www.zhihu.com/roundtable/labourlaw
769,https://www.zhihu.com/roundtable/onepleceefirst
770,https://www.zhihu.com/roundtable/zhongjixinguixiabao
771,https://www.zhihu.com/roundtable/zaigushiruhewendings
772,https://www.zhihu.com/roundtable/202101anime
773,https://www.zhihu.com/roundtable/zhongjixinguixibao
774,https://www.zhihu.com/roundtable/2021lplchunjisai
775,https://www.zhihu.com/roundtable/xinlizixunshirumen
776,https://www.zhihu.com/roundtable/xnhxw
777,https://www.zhihu.com/roundtable/xinnianhuanxinjia
778,https://www.zhihu.com/roundtable/21624060
779,https://www.zhihu.com/roundtable/zndn
780,https://www.zhihu.com/roundtable/xietongruanjianruh
781,https://www.zhihu.com/roundtable/fujiandehuataociweil
782,https://www.zhihu.com/roundtable/xinnianxinjihua
783,https://www.zhihu.com/roundtable/ruhemaibaoxiansho
784,https://www.zhihu.com/roundtable/shujukeshihuayushuju
785,https://www.zhihu.com/roundtable/2022fanshuobeikao
786,https://www.zhihu.com/roundtable/2020niantuijianhaosh
787,https://www.zhihu.com/roundtable/shaoerbianchengyanji
788,https://www.zhihu.com/roundtable/2020qinghuida
789,https://www.zhihu.com/roundtable/cyzds
790,https://www.zhihu.com/roundtable/zhenghouqun
791,https://www.zhihu.com/roundtable/sanguorenwuzhutipaid
792,https://www.zhihu.com/roundtable/ruheguihuafuriliuxue
793,https://www.zhihu.com/roundtable/womenlianaibagunyan
794,https://www.zhihu.com/roundtable/kejiwuzhangai
795,https://www.zhihu.com/roundtable/wodejia
796,https://www.zhihu.com/roundtable/yangwazheyinian
797,https://www.zhihu.com/roundtable/zhongguobaoxianquan
798,https://www.zhihu.com/roundtable/diannaoshumaxinpinzh
799,https://www.zhihu.com/roundtable/shejishijinjiezh
800,https://www.zhihu.com/roundtable/meibenliuxueshenqing
801,https://www.zhihu.com/roundtable/baoxiandeneixieshi
802,https://www.zhihu.com/roundtable/miaomiaozongdongyuan
803,https://www.zhihu.com/roundtable/2020travel
804,https://www.zhihu.com/roundtable/kuaijizhuanshuo
805,https://www.zhihu.com/roundtable/2021chunjizhengbingx
806,https://www.zhihu.com/roundtable/lishitiankongxiadema
807,https://www.zhihu.com/roundtable/wenanshoujijuziyu
808,https://www.zhihu.com/roundtable/woaishuogushigunshen
809,https://www.zhihu.com/roundtable/zenmepeizhiyifenhesh
810,https://www.zhihu.com/roundtable/2020filmandtelevision
811,https://www.zhihu.com/roundtable/kexuesuzhitishengxin
812,https://www.zhihu.com/roundtable/2020year
813,https://www.zhihu.com/roundtable/bestune
814,https://www.zhihu.com/roundtable/yinhangzhaopinkaoshi
815,https://www.zhihu.com/roundtable/cn2020
816,https://www.zhihu.com/roundtable/linxuandezhengquezis
817,https://www.zhihu.com/roundtable/xindongdeoffer
818,https://www.zhihu.com/roundtable/zuixinkuaiji
819,https://www.zhihu.com/roundtable/zhiyejiaoyuv4shidai
820,https://www.zhihu.com/roundtable/xueshuqingniandedush
821,https://www.zhihu.com/roundtable/123timi
822,https://www.zhihu.com/roundtable/chuancai2020
823,https://www.zhihu.com/roundtable/mingxiaomba
824,https://www.zhihu.com/roundtable/autosafety
825,https://www.zhihu.com/roundtable/wonderfulcar
826,https://www.zhihu.com/roundtable/zuojiaoyidaodiyaobuy
827,https://www.zhihu.com/roundtable/shenmeshibim
828,https://www.zhihu.com/roundtable/tumuqingbaozhan
829,https://www.zhihu.com/roundtable/qingnianrenzhinan
830,https://www.zhihu.com/roundtable/jujiaoyiguodiandishenghuo
831,https://www.zhihu.com/roundtable/jianzhiqiruhechixuji
832,https://www.zhihu.com/roundtable/ribenyuyanxuexiaozen
833,https://www.zhihu.com/roundtable/meishuyikaoneixieshi
834,https://www.zhihu.com/roundtable/petient
835,https://www.zhihu.com/roundtable/sanguoyingxiongdechu
836,https://www.zhihu.com/roundtable/rouxingdianzikexueqi
837,https://www.zhihu.com/roundtable/yiwen
838,https://www.zhihu.com/roundtable/wenanshouji
839,https://www.zhihu.com/roundtable/2021nianzhucekuaijis
840,https://www.zhihu.com/roundtable/mczn
841,https://www.zhihu.com/roundtable/wenanshoucangguan
842,https://www.zhihu.com/roundtable/flutterkuapingtaiapp
843,https://www.zhihu.com/roundtable/yuyanxueneixieshi
844,https://www.zhihu.com/roundtable/dongridushuxianziwei
845,https://www.zhihu.com/roundtable/shehuihuawendayingxi
846,https://www.zhihu.com/roundtable/gaozhongxuexijiqiao
847,https://www.zhihu.com/roundtable/lidianchikexueqianya
848,https://www.zhihu.com/roundtable/ribenliuxueqingbaozh
849,https://www.zhihu.com/roundtable/weilaiyaokexue
850,https://www.zhihu.com/roundtable/haoshutuijiangunling
851,https://www.zhihu.com/roundtable/gaozhongbibeigunshiy
852,https://www.zhihu.com/roundtable/wzrywzn
853,https://www.zhihu.com/roundtable/hengaoxingjiandaoni
854,https://www.zhihu.com/roundtable/huanyingruzhuzhihuil
855,https://www.zhihu.com/roundtable/cxdh
856,https://www.zhihu.com/roundtable/2021nianzhongjikuaiji
857,https://www.zhihu.com/roundtable/fakaojiayou
858,https://www.zhihu.com/roundtable/mengxinfumubikengzhi
859,https://www.zhihu.com/roundtable/20201111
860,https://www.zhihu.com/roundtable/shanghaigoufangmaima
861,https://www.zhihu.com/roundtable/shuangshiyibimaiqing
862,https://www.zhihu.com/roundtable/gongzuoyaodonglaodon
863,https://www.zhihu.com/roundtable/gaozhongwulishenxianxuexifa
864,https://www.zhihu.com/roundtable/2021kaoyanchongcizhi
865,https://www.zhihu.com/roundtable/gaozhongtifen
866,https://www.zhihu.com/roundtable/hulianwangchuangyexi
867,https://www.zhihu.com/roundtable/xinfan2020
868,https://www.zhihu.com/roundtable/wenanxunzhao
869,https://www.zhihu.com/roundtable/2020nobleprize
870,https://www.zhihu.com/roundtable/yinghezhongcaojinxin
871,https://www.zhihu.com/roundtable/kexueqiuzhen
872,https://www.zhihu.com/roundtable/jinrongrichang
873,https://www.zhihu.com/roundtable/s10
874,https://www.zhihu.com/roundtable/lifuquan
875,https://www.zhihu.com/roundtable/qingsongxuehanyu
876,https://www.zhihu.com/roundtable/wenanshoujipu
877,https://www.zhihu.com/roundtable/paideia
878,https://www.zhihu.com/roundtable/jiaoshizigezhengbeik
879,https://www.zhihu.com/roundtable/evsafetech
880,https://www.zhihu.com/roundtable/2021qiuzhaobuhuo
881,https://www.zhihu.com/roundtable/guoneilvxing
882,https://www.zhihu.com/roundtable/xnyzl
883,https://www.zhihu.com/roundtable/xunyumeishi
884,https://www.zhihu.com/roundtable/ribenliuxue
885,https://www.zhihu.com/roundtable/buycarnokey
886,https://www.zhihu.com/roundtable/wlaqxcz
887,https://www.zhihu.com/roundtable/lianruchizhongli
888,https://www.zhihu.com/roundtable/20xiajiaoshizigezhen
889,https://www.zhihu.com/roundtable/bayanorkaoyan
890,https://www.zhihu.com/roundtable/yazhoujifukangshuai
891,https://www.zhihu.com/roundtable/appleevent2020
892,https://www.zhihu.com/roundtable/qiujihufuzhinan
893,https://www.zhihu.com/roundtable/putongrenyouneixiefu
894,https://www.zhihu.com/roundtable/gaozhongwulixuexizhi
895,https://www.zhihu.com/roundtable/zaixiaoyuan
896,https://www.zhihu.com/roundtable/wanzhuandaxue
897,https://www.zhihu.com/roundtable/xingainianyingyuxuex
898,https://www.zhihu.com/roundtable/fujianjiaoshizhaopin
899,https://www.zhihu.com/roundtable/kuaguolian
900,https://www.zhihu.com/roundtable/kaoyanaxieshi
901,https://www.zhihu.com/roundtable/daxueshengyanjiushe
902,https://www.zhihu.com/roundtable/daxueneixieshier
903,https://www.zhihu.com/roundtable/ruheyongbaoxianbaozh
904,https://www.zhihu.com/roundtable/tenet
905,https://www.zhihu.com/roundtable/2020jiaozikaoshibaom
906,https://www.zhihu.com/roundtable/jiaoshizigezhengtong
907,https://www.zhihu.com/roundtable/city21
908,https://www.zhihu.com/roundtable/chengfengpolangdeqiu
909,https://www.zhihu.com/roundtable/yaobuyaokaoyan
910,https://www.zhihu.com/roundtable/baikequanshu
911,https://www.zhihu.com/roundtable/shanghaichabanshengk
912,https://www.zhihu.com/roundtable/xinshengkaixueji
913,https://www.zhihu.com/roundtable/riyuxuexideneixieshi
914,https://www.zhihu.com/roundtable/duikangchulaowoyouhuashuo
915,https://www.zhihu.com/roundtable/tianjinsme2
916,https://www.zhihu.com/roundtable/zhuanshengben1
917,https://www.zhihu.com/roundtable/renjianxile
918,https://www.zhihu.com/roundtable/ribenduyanshifouzhid
919,https://www.zhihu.com/roundtable/jiguangxilie
920,https://www.zhihu.com/roundtable/2020lplxiajue
921,https://www.zhihu.com/roundtable/archaeology
922,https://www.zhihu.com/roundtable/erlingbuhuodangdaiy
923,https://www.zhihu.com/roundtable/zaoxieshaonianshigun
924,https://www.zhihu.com/roundtable/summergame
925,https://www.zhihu.com/roundtable/fenbushixitongzhimei
926,https://www.zhihu.com/roundtable/gongwuyuankaoshi
927,https://www.zhihu.com/roundtable/hebeishifandaxuekaoy
928,https://www.zhihu.com/roundtable/xzzqysjs
929,https://www.zhihu.com/roundtable/meiguoliuxueshenqing
930,https://www.zhihu.com/roundtable/zhongxiaoxuejiaoshic
931,https://www.zhihu.com/roundtable/qinghuida2020
932,https://www.zhihu.com/roundtable/tnfyoca
933,https://www.zhihu.com/roundtable/baoyanquandeneixiesh
934,https://www.zhihu.com/roundtable/duanshipindeneixiesh
935,https://www.zhihu.com/roundtable/juzizahuopu
936,https://www.zhihu.com/roundtable/fazhengjingying
937,https://www.zhihu.com/roundtable/neixiexuexikejimeng
938,https://www.zhihu.com/roundtable/huayuliuxingyinyue
939,https://www.zhihu.com/roundtable/shenghuobuyi
940,https://www.zhihu.com/roundtable/yiqingzhihouchongjia
941,https://www.zhihu.com/roundtable/mycollegestyle
942,https://www.zhihu.com/roundtable/autotechenshrined
943,https://www.zhihu.com/roundtable/gaokaoshuxue
944,https://www.zhihu.com/roundtable/20gaokaozhiyuan
945,https://www.zhihu.com/roundtable/daxueshenghuoruhegui
946,https://www.zhihu.com/roundtable/xuewuzhijingshuobo
947,https://www.zhihu.com/roundtable/dushuzhejianxiaoshi
948,https://www.zhihu.com/roundtable/discoveryautotech
949,https://www.zhihu.com/roundtable/howtodo
950,https://www.zhihu.com/roundtable/xuezhangxuejieshuog
951,https://www.zhihu.com/roundtable/gongwuyuanmianshi
952,https://www.zhihu.com/roundtable/buduyukezhiliuxuenix
953,https://www.zhihu.com/roundtable/anki
954,https://www.zhihu.com/roundtable/xinfan202007
955,https://www.zhihu.com/roundtable/dayiqipaoxian
956,https://www.zhihu.com/roundtable/specialfashion
957,https://www.zhihu.com/roundtable/gaokaozhiyuantiandeh
958,https://www.zhihu.com/roundtable/shengxiazhishixians
959,https://www.zhihu.com/roundtable/yasinaxieshi
960,https://www.zhihu.com/roundtable/zonghecepingqingshan
961,https://www.zhihu.com/roundtable/niweihezuizhongjuedi
962,https://www.zhihu.com/roundtable/pifuwentizenmeban
963,https://www.zhihu.com/roundtable/biyeshengqiuzhi
964,https://www.zhihu.com/roundtable/shoujijingdianwen
965,https://www.zhihu.com/roundtable/beauty30
966,https://www.zhihu.com/roundtable/yanjiushengdegushi
967,https://www.zhihu.com/roundtable/wandaochaoche
968,https://www.zhihu.com/roundtable/womendoushiditukong
969,https://www.zhihu.com/roundtable/jiehunyenengshuzihua
970,https://www.zhihu.com/roundtable/jingdiandongmanyanji
971,https://www.zhihu.com/roundtable/xinshouruhezuohaotao
972,https://www.zhihu.com/roundtable/jianfeiyinshizhinan
973,https://www.zhihu.com/roundtable/kaoyanrendeyinanzazh
974,https://www.zhihu.com/roundtable/zhuanyebowuguan
975,https://www.zhihu.com/roundtable/xueshenghuidejinjiez
976,https://www.zhihu.com/roundtable/exercise14days
977,https://www.zhihu.com/roundtable/zhenshigushilu
978,https://www.zhihu.com/roundtable/huoxingtance
979,https://www.zhihu.com/roundtable/atduniverse
980,https://www.zhihu.com/roundtable/qingsongtianzhiyuan
981,https://www.zhihu.com/roundtable/bianfuxiaguilai
982,https://www.zhihu.com/roundtable/shuqijianfeishoushen
983,https://www.zhihu.com/roundtable/bianchengyanxisuo
984,https://www.zhihu.com/roundtable/nidexiangqi
985,https://www.zhihu.com/roundtable/touxiangkong
986,https://www.zhihu.com/roundtable/diyshiguangwu
987,https://www.zhihu.com/roundtable/lingshouxianshangyej
988,https://www.zhihu.com/roundtable/jiaoyilinianyushijia
989,https://www.zhihu.com/roundtable/aijiayuandewuxianken
990,https://www.zhihu.com/roundtable/aguniushi
991,https://www.zhihu.com/roundtable/chidaobao
992,https://www.zhihu.com/roundtable/lvhejinyazhuchengben
993,https://www.zhihu.com/roundtable/lingjichurumenhanyu
994,https://www.zhihu.com/roundtable/gaokaojieshu
995,https://www.zhihu.com/roundtable/jiaoyiyuandechuluzai
996,https://www.zhihu.com/roundtable/lvxinggunshoujirenji
997,https://www.zhihu.com/roundtable/guanyujiaoyuneixiesh
998,https://www.zhihu.com/roundtable/gongtongshoujijinju
999,https://www.zhihu.com/roundtable/tiyuguanjunmendegushi
1000,https://www.zhihu.com/roundtable/gkhy
1001,https://www.zhihu.com/roundtable/tongxintongxing
1002,https://www.zhihu.com/roundtable/jianguobaoxiandeneix
1003,https://www.zhihu.com/roundtable/zhihuxzhongwenzaixian
1004,https://www.zhihu.com/roundtable/2020zhuangxiushenmez
1005,https://www.zhihu.com/roundtable/14mark
1006,https://www.zhihu.com/roundtable/ruguowoyouyitaofangz
1007,https://www.zhihu.com/roundtable/womendoushinaodongda
1008,https://www.zhihu.com/roundtable/jiaoniruhepojiejiaoy
1009,https://www.zhihu.com/roundtable/knowledge
1010,https://www.zhihu.com/roundtable/fathereers
1011,https://www.zhihu.com/roundtable/xinchuankaoyanshanga
1012,https://www.zhihu.com/roundtable/zhongwenximianmiangu
1013,https://www.zhihu.com/roundtable/gaozhongxuexifangfa
1014,https://www.zhihu.com/roundtable/manhuajia
1015,https://www.zhihu.com/roundtable/jianshenzengjiyounei
1016,https://www.zhihu.com/roundtable/autonomoustime
1017,https://www.zhihu.com/roundtable/chengweibaba
1018,https://www.zhihu.com/roundtable/dierxueshixuewei
1019,https://www.zhihu.com/roundtable/xuehanyu
1020,https://www.zhihu.com/roundtable/yuerheikeji
1021,https://www.zhihu.com/roundtable/hepingjingying2020
1022,https://www.zhihu.com/roundtable/ruhemianshi
1023,https://www.zhihu.com/roundtable/fakaoyanqishuangzh
1024,https://www.zhihu.com/roundtable/guanyuriyuliuxue
1025,https://www.zhihu.com/roundtable/chongqizuqiu
1026,https://www.zhihu.com/roundtable/zhongguobentuzixunha
1027,https://www.zhihu.com/roundtable/yanzhaoji
1028,https://www.zhihu.com/roundtable/zhiboyingxiaozhinan
1029,https://www.zhihu.com/roundtable/xuexijinjiezhinan
1030,https://www.zhihu.com/roundtable/fighting
1031,https://www.zhihu.com/roundtable/chayukafeidepengzhua
1032,https://www.zhihu.com/roundtable/pingmushidai
1033,https://www.zhihu.com/roundtable/yiqishoujigunwenanju
1034,https://www.zhihu.com/roundtable/hufuchengfenyanxiban
1035,https://www.zhihu.com/roundtable/renshengwentiyanjius
1036,https://www.zhihu.com/roundtable/houlangbeihuntonggua
1037,https://www.zhihu.com/roundtable/cvpr2020
1038,https://www.zhihu.com/roundtable/gaozhongxuexifangfay
1039,https://www.zhihu.com/roundtable/2020lplxiajisai
1040,https://www.zhihu.com/roundtable/vrshidailailinlema
1041,https://www.zhihu.com/roundtable/gktyc
1042,https://www.zhihu.com/roundtable/ditanjingjixue
1043,https://www.zhihu.com/roundtable/hanyuxuexi
1044,https://www.zhihu.com/roundtable/siliujizibeikaoneixi
1045,https://www.zhihu.com/roundtable/weishenmewomenaijieg
1046,https://www.zhihu.com/roundtable/neixienianniweishuoc
1047,https://www.zhihu.com/roundtable/30challenge
1048,https://www.zhihu.com/roundtable/fengtianquanjinganli
1049,https://www.zhihu.com/roundtable/offerjiyunweiguan
1050,https://www.zhihu.com/roundtable/wangluowenxuejinxingshi
1051,https://www.zhihu.com/roundtable/xuexifangfahesiweine
1052,https://www.zhihu.com/roundtable/niyuqipaidegushi
1053,https://www.zhihu.com/roundtable/yiqingzhixiadetuixiu
1054,https://www.zhihu.com/roundtable/jujiaojianzhu
1055,https://www.zhihu.com/roundtable/liaodianying
1056,https://www.zhihu.com/roundtable/tumugongcheng
1057,https://www.zhihu.com/roundtable/neixienianzuokeyan
1058,https://www.zhihu.com/roundtable/shijiuchennianhua
1059,https://www.zhihu.com/roundtable/gaozhongxuexinadians
1060,https://www.zhihu.com/roundtable/duyandubo
1061,https://www.zhihu.com/roundtable/xuexiyuzixing
1062,https://www.zhihu.com/roundtable/tianjinsme
1063,https://www.zhihu.com/roundtable/bianchengyuyanneixie
1064,https://www.zhihu.com/roundtable/qiguaidexuexifangfa
1065,https://www.zhihu.com/roundtable/yiqingzhixiazaijiaji
1066,https://www.zhihu.com/roundtable/jujiaominfadian
1067,https://www.zhihu.com/roundtable/chuangxinzhengxian
1068,https://www.zhihu.com/roundtable/yanggehaiziyouduonan
1069,https://www.zhihu.com/roundtable/qunazuochengshigeng
1070,https://www.zhihu.com/roundtable/35suizhedaokan
1071,https://www.zhihu.com/roundtable/wohedaimayougeyuehui
1072,https://www.zhihu.com/roundtable/dangdairenyanzhongdi
1073,https://www.zhihu.com/roundtable/2020618
1074,https://www.zhihu.com/roundtable/linglvekehuanzhimei
1075,https://www.zhihu.com/roundtable/ruhexuehaoshujujiego
1076,https://www.zhihu.com/roundtable/zhihucaijing
1077,https://www.zhihu.com/roundtable/dianzijingjideweilai
1078,https://www.zhihu.com/roundtable/futurescience
1079,https://www.zhihu.com/roundtable/liuxueshenqingdiy
1080,https://www.zhihu.com/roundtable/beijingneixieshier
1081,https://www.zhihu.com/roundtable/jianzhiqiyinshinishi
1082,https://www.zhihu.com/roundtable/meiguoshangkeshuoshi
1083,https://www.zhihu.com/roundtable/meiguoshangyefenxish
1084,https://www.zhihu.com/roundtable/tuopin
1085,https://www.zhihu.com/roundtable/dongwusenyouhui
1086,https://www.zhihu.com/roundtable/weiaifasheng
1087,https://www.zhihu.com/roundtable/techdecade
1088,https://www.zhihu.com/roundtable/baiweirenshengxiangqishenghuo
1089,https://www.zhihu.com/roundtable/guanyuxiegangqingnia
1090,https://www.zhihu.com/roundtable/tianjinmuseum
1091,https://www.zhihu.com/roundtable/xueyeshengya
1092,https://www.zhihu.com/roundtable/faxuedejiaoyujinjiez
1093,https://www.zhihu.com/roundtable/kejiqudongdegongying
1094,https://www.zhihu.com/roundtable/agushiniangupiaotou
1095,https://www.zhihu.com/roundtable/dangzhongnianweijiyu
1096,https://www.zhihu.com/roundtable/momentsofyouth
1097,https://www.zhihu.com/roundtable/hougongpinfeiruhechu
1098,https://www.zhihu.com/roundtable/meiziyuandewogairuhe
1099,https://www.zhihu.com/roundtable/ruhepojiezhongxiaoqi
1100,https://www.zhihu.com/roundtable/yiqingguohouwomenji
1101,https://www.zhihu.com/roundtable/guanlizixunrumenzhin
1102,https://www.zhihu.com/roundtable/huoyingrenzhe
1103,https://www.zhihu.com/roundtable/yihan
1104,https://www.zhihu.com/roundtable/salary
1105,https://www.zhihu.com/roundtable/ruhejianliyigejiaoyi
1106,https://www.zhihu.com/roundtable/2020renliziyuanzhaop
1107,https://www.zhihu.com/roundtable/guanyushijianguanli
1108,https://www.zhihu.com/roundtable/yunxiaozhao
1109,https://www.zhihu.com/roundtable/gaoxiaoshualeetcoden
1110,https://www.zhihu.com/roundtable/suduyujiqing
1111,https://www.zhihu.com/roundtable/shicineixieshier
1112,https://www.zhihu.com/roundtable/kaoyanfushizhinan
1113,https://www.zhihu.com/roundtable/mum2020
1114,https://www.zhihu.com/roundtable/guanyuriyugaokao
1115,https://www.zhihu.com/roundtable/biyeji
1116,https://www.zhihu.com/roundtable/xianjiankezhan
1117,https://www.zhihu.com/roundtable/jinrongkaoyandazuozh
1118,https://www.zhihu.com/roundtable/tademeiyimian
1119,https://www.zhihu.com/roundtable/chuweirenmu
1120,https://www.zhihu.com/roundtable/aishangdianying
1121,https://www.zhihu.com/roundtable/ruhecong0daoruanjian
1122,https://www.zhihu.com/roundtable/zshidai
1123,https://www.zhihu.com/roundtable/wangluoxiaoshuo
1124,https://www.zhihu.com/roundtable/zaijiajianzhi
1125,https://www.zhihu.com/roundtable/popularmajor
1126,https://www.zhihu.com/roundtable/mingan2020
1127,https://www.zhihu.com/roundtable/ribenjianzhujingguan
1128,https://www.zhihu.com/roundtable/pushuomilidezhucexia
1129,https://www.zhihu.com/roundtable/bookstore
1130,https://www.zhihu.com/roundtable/jindachangzuochanpin
1131,https://www.zhihu.com/roundtable/xingchendahai
1132,https://www.zhihu.com/roundtable/gerensuodeshuihuisua
1133,https://www.zhihu.com/roundtable/xingjiaoyu
1134,https://www.zhihu.com/roundtable/gudaimeishizhinan
1135,https://www.zhihu.com/roundtable/yiqingliuxue
1136,https://www.zhihu.com/roundtable/jiexigongniuwangchao
1137,https://www.zhihu.com/roundtable/2020lplchunjue
1138,https://www.zhihu.com/roundtable/jingdianyingshijutuijian
1139,https://www.zhihu.com/roundtable/tiyuqiangguotiyusheng
1140,https://www.zhihu.com/roundtable/naodongwentiyanjiusu
1141,https://www.zhihu.com/roundtable/puma
1142,https://www.zhihu.com/roundtable/xinshougumindetouzib
1143,https://www.zhihu.com/roundtable/yingshihouqi
1144,https://www.zhihu.com/roundtable/kaoyanyingyuzhentish
1145,https://www.zhihu.com/roundtable/zhuanshengben
1146,https://www.zhihu.com/roundtable/sensitive
1147,https://www.zhihu.com/roundtable/rengongzhinengsiwei
1148,https://www.zhihu.com/roundtable/btjfilm
1149,https://www.zhihu.com/roundtable/fengkoushangdezhichan
1150,https://www.zhihu.com/roundtable/liuxuesheng
1151,https://www.zhihu.com/roundtable/xueriyu
1152,https://www.zhihu.com/roundtable/gaozhongzuowen
1153,https://www.zhihu.com/roundtable/kaozhengyumengxiang
1154,https://www.zhihu.com/roundtable/gaozhongwuli
1155,https://www.zhihu.com/roundtable/kejixinjijian
1156,https://www.zhihu.com/roundtable/wuyiyou
1157,https://www.zhihu.com/roundtable/ribenzhichang
1158,https://www.zhihu.com/roundtable/jinyongdewuxiashijie
1159,https://www.zhihu.com/roundtable/fit2020
1160,https://www.zhihu.com/roundtable/mirendeshujuqudongsh
1161,https://www.zhihu.com/roundtable/yiqingaozhouliuxue
1162,https://www.zhihu.com/roundtable/guanyuwenxuedemeng
1163,https://www.zhihu.com/roundtable/womendoureaituili
1164,https://www.zhihu.com/roundtable/tingdaziranzaishuoh
1165,https://www.zhihu.com/roundtable/mofang2020
1166,https://www.zhihu.com/roundtable/lanqiudashuju
1167,https://www.zhihu.com/roundtable/womendoushishenghuo
1168,https://www.zhihu.com/roundtable/shenhuachuanshuoyuli
1169,https://www.zhihu.com/roundtable/researchfromhome
1170,https://www.zhihu.com/roundtable/yixueshengjinjiezhil
1171,https://www.zhihu.com/roundtable/shangshigongsinianba
1172,https://www.zhihu.com/roundtable/yizhanqingchapinshic
1173,https://www.zhihu.com/roundtable/falvrentucaogushihui
1174,https://www.zhihu.com/roundtable/googleartsandculture
1175,https://www.zhihu.com/roundtable/strangeemoji
1176,https://www.zhihu.com/roundtable/dushichuanshuogunwei
1177,https://www.zhihu.com/roundtable/laizixingxingdehaizi
1178,https://www.zhihu.com/roundtable/productmanager
1179,https://www.zhihu.com/roundtable/olympictorch
1180,https://www.zhihu.com/roundtable/panyanshidairenrenzi
1181,https://www.zhihu.com/roundtable/galgamexuanzezuiquan
1182,https://www.zhihu.com/roundtable/shoujiwangzhe
1183,https://www.zhihu.com/roundtable/lolitawenhuashijie
1184,https://www.zhihu.com/roundtable/zaixianjiaoyu
1185,https://www.zhihu.com/roundtable/transitiononline
1186,https://www.zhihu.com/roundtable/yiqingsolve
1187,https://www.zhihu.com/roundtable/zhenhuan
1188,https://www.zhihu.com/roundtable/filmpubg
1189,https://www.zhihu.com/roundtable/miaoxingren
1190,https://www.zhihu.com/roundtable/ruhexueliuxigemaheminitab
1191,https://www.zhihu.com/roundtable/hispring
1192,https://www.zhihu.com/roundtable/studywithus
1193,https://www.zhihu.com/roundtable/lingshi
1194,https://www.zhihu.com/roundtable/xiaofeizhelianmengfa
1195,https://www.zhihu.com/roundtable/yunkaixue
1196,https://www.zhihu.com/roundtable/yunduanxuexiji
1197,https://www.zhihu.com/roundtable/globalmarket
1198,https://www.zhihu.com/roundtable/ifiamaai
1199,https://www.zhihu.com/roundtable/chunzhao
1200,https://www.zhihu.com/roundtable/lpryugudingli
1201,https://www.zhihu.com/roundtable/xinlixue101
1202,https://www.zhihu.com/roundtable/psymask
1203,https://www.zhihu.com/roundtable/mianyigonglve
1204,https://www.zhihu.com/roundtable/jingdianfanjubuwanji
1205,https://www.zhihu.com/roundtable/yuejizhinan
1206,https://www.zhihu.com/roundtable/yiqidudonghunyinfa
1207,https://www.zhihu.com/roundtable/haokafeiyingshirichang
1208,https://www.zhihu.com/roundtable/women2020
1209,https://www.zhihu.com/roundtable/zhongguocha
1210,https://www.zhihu.com/roundtable/olympic2020
1211,https://www.zhihu.com/roundtable/abcchengbenfenxi
1212,https://www.zhihu.com/roundtable/haoshuhefangkanshibian
1213,https://www.zhihu.com/roundtable/jiayoumianyili
1214,https://www.zhihu.com/roundtable/mianyixiaoketang
1215,https://www.zhihu.com/roundtable/dianjingwenhuapian
1216,https://www.zhihu.com/roundtable/xiaomabaoli
1217,https://www.zhihu.com/roundtable/electrical2020
1218,https://www.zhihu.com/roundtable/kaoyanfushi2020
1219,https://www.zhihu.com/roundtable/quanqiubingdu
1220,https://www.zhihu.com/roundtable/yangche
1221,https://www.zhihu.com/roundtable/fightforrevival
1222,https://www.zhihu.com/roundtable/binfenqianduan
1223,https://www.zhihu.com/roundtable/zhai2020
1224,https://www.zhihu.com/roundtable/qinzishiguang
1225,https://www.zhihu.com/roundtable/valentinesday09
1226,https://www.zhihu.com/roundtable/tanfangnanji
1227,https://www.zhihu.com/roundtable/yiqingyingduifalvzhi
1228,https://www.zhihu.com/roundtable/telecommuting2020
1229,https://www.zhihu.com/roundtable/haliboteyushenqidong
1230,https://www.zhihu.com/roundtable/jisuanjierji
1231,https://www.zhihu.com/roundtable/mangbabahexianbaba
1232,https://www.zhihu.com/roundtable/nidejiaxiangyouneixi
1233,https://www.zhihu.com/roundtable/genangtanwu
1234,https://www.zhihu.com/roundtable/zhishujijin
1235,https://www.zhihu.com/roundtable/ribenligongkekaoyanq
1236,https://www.zhihu.com/roundtable/anquanbixiuke
1237,https://www.zhihu.com/roundtable/zhongguozaineixielin
1238,https://www.zhihu.com/roundtable/autosystem
1239,https://www.zhihu.com/roundtable/lol2020
1240,https://www.zhihu.com/roundtable/falvjinnang2020
1241,https://www.zhihu.com/roundtable/fanyimeng
1242,https://www.zhihu.com/roundtable/baituoyabayingyu
1243,https://www.zhihu.com/roundtable/qingyunianyeqingmei
1244,https://www.zhihu.com/roundtable/kaoyandenizuixiangsh
1245,https://www.zhihu.com/roundtable/202001anime
1246,https://www.zhihu.com/roundtable/bannianhuo
1247,https://www.zhihu.com/roundtable/tokusatsu
1248,https://www.zhihu.com/roundtable/maiche
1249,https://www.zhihu.com/roundtable/2020learnenglish
1250,https://www.zhihu.com/roundtable/ribenliaoli
1251,https://www.zhihu.com/roundtable/zhucekuaijishikaoshi
1252,https://www.zhihu.com/roundtable/qingxu2019
1253,https://www.zhihu.com/roundtable/yurongfumaishenme
1254,https://www.zhihu.com/roundtable/falv
1255,https://www.zhihu.com/roundtable/gangbi
1256,https://www.zhihu.com/roundtable/shicichuangzuo
1257,https://www.zhihu.com/roundtable/yuyanxue
1258,https://www.zhihu.com/roundtable/zhishangshui
1259,https://www.zhihu.com/roundtable/2019dainikanshijie
1260,https://www.zhihu.com/roundtable/xinlixuenenghaiyouyo
1261,https://www.zhihu.com/roundtable/geekgrowth
1262,https://www.zhihu.com/roundtable/yuerxiangweilai
1263,https://www.zhihu.com/roundtable/2019qichepandian
1264,https://www.zhihu.com/roundtable/2019science
1265,https://www.zhihu.com/roundtable/guanliyuhuiji
1266,https://www.zhihu.com/roundtable/technologyevent2019
1267,https://www.zhihu.com/roundtable/2019christmasgift
1268,https://www.zhihu.com/roundtable/2019yingshi
1269,https://www.zhihu.com/roundtable/yongyouwuhuirensheng
1270,https://www.zhihu.com/roundtable/zhichang2019
1271,https://www.zhihu.com/roundtable/goglobal
1272,https://www.zhihu.com/roundtable/2019esquire
1273,https://www.zhihu.com/roundtable/microlife
1274,https://www.zhihu.com/roundtable/kaoyanshangan
1275,https://www.zhihu.com/roundtable/starwars9
1276,https://www.zhihu.com/roundtable/2019
1277,https://www.zhihu.com/roundtable/huhangjihua
1278,https://www.zhihu.com/roundtable/buwanmeifumu
1279,https://www.zhihu.com/roundtable/dubozhilu
1280,https://www.zhihu.com/roundtable/zhengquerenshiyouxiz
1281,https://www.zhihu.com/roundtable/shuxue
1282,https://www.zhihu.com/roundtable/dizhixue
1283,https://www.zhihu.com/roundtable/dainikanshijietongshu
1284,https://www.zhihu.com/roundtable/switchchina
1285,https://www.zhihu.com/roundtable/guidaojiaotong
1286,https://www.zhihu.com/roundtable/peijing
1287,https://www.zhihu.com/roundtable/shejiyujiazhi
1288,https://www.zhihu.com/roundtable/zixun
1289,https://www.zhihu.com/roundtable/dianshang
1290,https://www.zhihu.com/roundtable/zhichangmama
1291,https://www.zhihu.com/roundtable/plantstalk
1292,https://www.zhihu.com/roundtable/careerstory2019
1293,https://www.zhihu.com/roundtable/hunhedongli
1294,https://www.zhihu.com/roundtable/new5g
1295,https://www.zhihu.com/roundtable/xinlixue
1296,https://www.zhihu.com/roundtable/2019kaixiang
1297,https://www.zhihu.com/roundtable/jinrong
1298,https://www.zhihu.com/roundtable/muhouyingxiong
1299,https://www.zhihu.com/roundtable/jintianmaishenme
1300,https://www.zhihu.com/roundtable/20923404
1301,https://www.zhihu.com/roundtable/haoqixin
1302,https://www.zhihu.com/roundtable/20191111
1303,https://www.zhihu.com/roundtable/kuaixiao
1304,https://www.zhihu.com/roundtable/jiashianquan
1305,https://www.zhihu.com/roundtable/shujufenxirumenzhina
1306,https://www.zhihu.com/roundtable/guohuo
1307,https://www.zhihu.com/roundtable/office
1308,https://www.zhihu.com/roundtable/s9
1309,https://www.zhihu.com/roundtable/caiwu
1310,https://www.zhihu.com/roundtable/touziziyou
1311,https://www.zhihu.com/roundtable/lixiangjiating
1312,https://www.zhihu.com/roundtable/almamater
1313,https://www.zhihu.com/roundtable/nobel2019
1314,https://www.zhihu.com/roundtable/hangkong
1315,https://www.zhihu.com/roundtable/dichan
1316,https://www.zhihu.com/roundtable/haoshukandejian
1317,https://www.zhihu.com/roundtable/sportsinchina
1318,https://www.zhihu.com/roundtable/edc2019
1319,https://www.zhihu.com/roundtable/xinshoubamajinhualun
1320,https://www.zhihu.com/roundtable/wozhongyuyoumaole
1321,https://www.zhihu.com/roundtable/xinhao
1322,https://www.zhihu.com/roundtable/robot2019
1323,https://www.zhihu.com/roundtable/wotainanle
1324,https://www.zhihu.com/roundtable/keyanxinshou
1325,https://www.zhihu.com/roundtable/white
1326,https://www.zhihu.com/roundtable/appleevents2019
1327,https://www.zhihu.com/roundtable/basketballworldcup
1328,https://www.zhihu.com/roundtable/lol8years
1329,https://www.zhihu.com/roundtable/xiaoyuanxinshengjinj
1330,https://www.zhihu.com/roundtable/fushe
1331,https://www.zhihu.com/roundtable/hardtosay
1332,https://www.zhihu.com/roundtable/freshman
1333,https://www.zhihu.com/roundtable/tianshengyundongjia
1334,https://www.zhihu.com/roundtable/tencentyouthgo
1335,https://www.zhihu.com/roundtable/wocaibuqine
1336,https://www.zhihu.com/roundtable/yikouhaoya
1337,https://www.zhihu.com/roundtable/ti9
1338,https://www.zhihu.com/roundtable/eurofootball
1339,https://www.zhihu.com/roundtable/thebigband
1340,https://www.zhihu.com/roundtable/flymetothemoon
1341,https://www.zhihu.com/roundtable/xinfan201907
1342,https://www.zhihu.com/roundtable/weilai
1343,https://www.zhihu.com/roundtable/hulianwangren
1344,https://www.zhihu.com/roundtable/makeup
1345,https://www.zhihu.com/roundtable/alonelife
1346,https://www.zhihu.com/roundtable/beauty
1347,https://www.zhihu.com/roundtable/longlife
1348,https://www.zhihu.com/roundtable/power
1349,https://www.zhihu.com/roundtable/gaokao2019
1350,https://www.zhihu.com/roundtable/yinghenaiba
1351,https://www.zhihu.com/roundtable/howtobuy
1352,https://www.zhihu.com/roundtable/woyouganjue
1353,https://www.zhihu.com/roundtable/20758686
1354,https://www.zhihu.com/roundtable/yishuqimeng
1355,https://www.zhihu.com/roundtable/nbafinals
1356,https://www.zhihu.com/roundtable/renleidebenzhi
1357,https://www.zhihu.com/roundtable/leadership
1358,https://www.zhihu.com/roundtable/jewelry
1359,https://www.zhihu.com/roundtable/kejizili
1360,https://www.zhihu.com/roundtable/20756053
1361,https://www.zhihu.com/roundtable/longliveactor
1362,https://www.zhihu.com/roundtable/xinlizixun
1363,https://www.zhihu.com/roundtable/zhiyeqingbaoju
1364,https://www.zhihu.com/roundtable/chengweimama
1365,https://www.zhihu.com/roundtable/hair
1366,https://www.zhihu.com/roundtable/keyboard
1367,https://www.zhihu.com/roundtable/renzhizhangai
1368,https://www.zhihu.com/roundtable/shaoerkepu
1369,https://www.zhihu.com/roundtable/youngdirector
1370,https://www.zhihu.com/roundtable/avengers
1371,https://www.zhihu.com/roundtable/2019lplspring
1372,https://www.zhihu.com/roundtable/2019shanghaichezhan
1373,https://www.zhihu.com/roundtable/sneakerhead
1374,https://www.zhihu.com/roundtable/got2019
1375,https://www.zhihu.com/roundtable/desk
1376,https://www.zhihu.com/roundtable/keyan
1377,https://www.zhihu.com/roundtable/apple2019
1378,https://www.zhihu.com/roundtable/tiaocao
1379,https://www.zhihu.com/roundtable/5g
1380,https://www.zhihu.com/roundtable/huazhuang
1381,https://www.zhihu.com/roundtable/huaxueyuansu
1382,https://www.zhihu.com/roundtable/lianghui2019
1383,https://www.zhihu.com/roundtable/zhedieping
1384,https://www.zhihu.com/roundtable/nanshihufu
1385,https://www.zhihu.com/roundtable/officehealth
1386,https://www.zhihu.com/roundtable/kejichuangxin
1387,https://www.zhihu.com/roundtable/zidonghua
1388,https://www.zhihu.com/roundtable/bestof2018
1389,https://www.zhihu.com/roundtable/taikong
1390,https://www.zhihu.com/roundtable/xiangshui
1391,https://www.zhihu.com/roundtable/lvshang
1392,https://www.zhihu.com/roundtable/dinosaur
1393,https://www.zhihu.com/roundtable/muruweiyang
1394,https://www.zhihu.com/roundtable/duihuagaoshan
1395,https://www.zhihu.com/roundtable/shuziwannian
1396,https://www.zhihu.com/roundtable/jingshenjiankang
1397,https://www.zhihu.com/roundtable/nobel2018
1398,https://www.zhihu.com/roundtable/haojiaju
1399,https://www.zhihu.com/roundtable/zhichangxinren
1400,https://www.zhihu.com/roundtable/fenkai
1401,https://www.zhihu.com/roundtable/qiaoshengyiyu
1402,https://www.zhihu.com/roundtable/zhichan
1403,https://www.zhihu.com/roundtable/yimiaojiezhong
1404,https://www.zhihu.com/roundtable/zhuangxiu
1405,https://www.zhihu.com/roundtable/psylab
1406,https://www.zhihu.com/roundtable/jianzhushi
1407,https://www.zhihu.com/roundtable/guomin
1408,https://www.zhihu.com/roundtable/shuimian
1409,https://www.zhihu.com/roundtable/flower2018
1410,https://www.zhihu.com/roundtable/zhongcai
1411,https://www.zhihu.com/roundtable/feixingyuan
1412,https://www.zhihu.com/roundtable/xiaoyuanjianshen
1413,https://www.zhihu.com/roundtable/women
1414,https://www.zhihu.com/roundtable/risk
1415,https://www.zhihu.com/roundtable/vlog
1416,https://www.zhihu.com/roundtable/zhuoyou
1417,https://www.zhihu.com/roundtable/chunjie2018
1418,https://www.zhihu.com/roundtable/middleage
1419,https://www.zhihu.com/roundtable/translate
1420,https://www.zhihu.com/roundtable/alphago
1421,https://www.zhihu.com/roundtable/bestof2017
1422,https://www.zhihu.com/roundtable/jianshen
1423,https://www.zhihu.com/roundtable/zhongliuaizheng
1424,https://www.zhihu.com/roundtable/jilupianjie
1425,https://www.zhihu.com/roundtable/canzhang
1426,https://www.zhihu.com/roundtable/jianzhugongneng
1427,https://www.zhihu.com/roundtable/2017yybq
1428,https://www.zhihu.com/roundtable/xinshequn
1429,https://www.zhihu.com/roundtable/hunyin
1430,https://www.zhihu.com/roundtable/2017gzcz
1431,https://www.zhihu.com/roundtable/zengji
1432,https://www.zhihu.com/roundtable/shineikongqi
1433,https://www.zhihu.com/roundtable/wangluowenxue
1434,https://www.zhihu.com/roundtable/nobelprize2017
1435,https://www.zhihu.com/roundtable/liuxueshenqing
1436,https://www.zhihu.com/roundtable/trading-up
1437,https://www.zhihu.com/roundtable/caiwuzaojia
1438,https://www.zhihu.com/roundtable/tanxian
1439,https://www.zhihu.com/roundtable/jiqixuexi
1440,https://www.zhihu.com/roundtable/ouzhouzutan
1441,https://www.zhihu.com/roundtable/qiaowenhua
1442,https://www.zhihu.com/roundtable/yidilian
1443,https://www.zhihu.com/roundtable/jianfei
1444,https://www.zhihu.com/roundtable/youyong
1445,https://www.zhihu.com/roundtable/etxq
1446,https://www.zhihu.com/roundtable/companies
1447,https://www.zhihu.com/roundtable/xiatian
1448,https://www.zhihu.com/roundtable/dota2
1449,https://www.zhihu.com/roundtable/dengshantubu
1450,https://www.zhihu.com/roundtable/shujuwajue
1451,https://www.zhihu.com/roundtable/yigan
1452,https://www.zhihu.com/roundtable/econ-data
1453,https://www.zhihu.com/roundtable/caiwufenxi
1454,https://www.zhihu.com/roundtable/jianzhu
1455,https://www.zhihu.com/roundtable/lvshixingnang
1456,https://www.zhihu.com/roundtable/xinlizixunshi
1457,https://www.zhihu.com/roundtable/jianshenrumen
1458,https://www.zhihu.com/roundtable/fuqinjie
1459,https://www.zhihu.com/roundtable/yishukuajie
1460,https://www.zhihu.com/roundtable/wanju
1461,https://www.zhihu.com/roundtable/poor-econ
1462,https://www.zhihu.com/roundtable/qicheanquan
1463,https://www.zhihu.com/roundtable/nbazongjuesai2017
1464,https://www.zhihu.com/roundtable/haohaogongzuo
1465,https://www.zhihu.com/roundtable/gmis
1466,https://www.zhihu.com/roundtable/baking
1467,https://www.zhihu.com/roundtable/haohaolianai
1468,https://www.zhihu.com/roundtable/cpa
1469,https://www.zhihu.com/roundtable/kejie-vs-alphago
1470,https://www.zhihu.com/roundtable/googleio2017
1471,https://www.zhihu.com/roundtable/cannes70
1472,https://www.zhihu.com/roundtable/fundinvestment
1473,https://www.zhihu.com/roundtable/yuangongfuli
1474,https://www.zhihu.com/roundtable/chengweimuqin
1475,https://www.zhihu.com/roundtable/lol
1476,https://www.zhihu.com/roundtable/marvel
1477,https://www.zhihu.com/roundtable/ziranyuyan
1478,https://www.zhihu.com/roundtable/buffett
1479,https://www.zhihu.com/roundtable/dushuri2017
1480,https://www.zhihu.com/roundtable/shouna
1481,https://www.zhihu.com/roundtable/ouguan2017
1482,https://www.zhihu.com/roundtable/kunjingzhongdexinlizixun
1483,https://www.zhihu.com/roundtable/fintech
1484,https://www.zhihu.com/roundtable/2017chezhan
1485,https://www.zhihu.com/roundtable/jiqiganzhi
1486,https://www.zhihu.com/roundtable/fanyule
1487,https://www.zhihu.com/roundtable/maiche01
1488,https://www.zhihu.com/roundtable/gametheory
1489,https://www.zhihu.com/roundtable/wangluoqinquan
1490,https://www.zhihu.com/roundtable/ertongxingjiaoyu
1491,https://www.zhihu.com/roundtable/chunjiyundong
1492,https://www.zhihu.com/roundtable/invest-overseas
1493,https://www.zhihu.com/roundtable/chuancai
1494,https://www.zhihu.com/roundtable/yanghu01
1495,https://www.zhihu.com/roundtable/oscar2017
1496,https://www.zhihu.com/roundtable/jiashi01
1497,https://www.zhihu.com/roundtable/skincare
1498,https://www.zhihu.com/roundtable/selfdriving
1499,https://www.zhihu.com/roundtable/sleep
1500,https://www.zhihu.com/roundtable/cinematic
1501,https://www.zhihu.com/roundtable/nian2017
1502,https://www.zhihu.com/roundtable/yourcity
1503,https://www.zhihu.com/roundtable/burnout
1504,https://www.zhihu.com/roundtable/season1
1505,https://www.zhihu.com/roundtable/xmasgames
1506,https://www.zhihu.com/roundtable/newenergycar
1507,https://www.zhihu.com/roundtable/psychologicalconsultant
1508,https://www.zhihu.com/roundtable/reading
1509,https://www.zhihu.com/roundtable/banker
1510,https://www.zhihu.com/roundtable/bestof2016
1511,https://www.zhihu.com/roundtable/campusviolence
1512,https://www.zhihu.com/roundtable/hiv-aids
1513,https://www.zhihu.com/roundtable/wintertravel
1514,https://www.zhihu.com/roundtable/wintersports
1515,https://www.zhihu.com/roundtable/freelancers
1516,https://www.zhihu.com/roundtable/sharing-econ
1517,https://www.zhihu.com/roundtable/racingcar
1518,https://www.zhihu.com/roundtable/isolitary
1519,https://www.zhihu.com/roundtable/drone
1520,https://www.zhihu.com/roundtable/biz-school
1521,https://www.zhihu.com/roundtable/usedcar
1522,https://www.zhihu.com/roundtable/internetkol
1523,https://www.zhihu.com/roundtable/livingroom
1524,https://www.zhihu.com/roundtable/nobelprize2016
1525,https://www.zhihu.com/roundtable/iad
1526,https://www.zhihu.com/roundtable/spacetech
1527,https://www.zhihu.com/roundtable/psyofaging
1528,https://www.zhihu.com/roundtable/americanfootball
1529,https://www.zhihu.com/roundtable/wine
1530,https://www.zhihu.com/roundtable/rio2016
1531,https://www.zhihu.com/roundtable/euro2016
1532,https://www.zhihu.com/roundtable/brexit
1533,https://www.zhihu.com/roundtable/consumption
1534,https://www.zhihu.com/roundtable/wedding
1535,https://www.zhihu.com/roundtable/nbathefinals2016
1536,https://www.zhihu.com/roundtable/youngparents
1537,https://www.zhihu.com/roundtable/astronomer
1538,https://www.zhihu.com/roundtable/financialplanning
1539,https://www.zhihu.com/roundtable/psycdilemma
1540,https://www.zhihu.com/roundtable/environeco
1541,https://www.zhihu.com/roundtable/femalekeepcalm
1542,https://www.zhihu.com/roundtable/copyright2016
1543,https://www.zhihu.com/roundtable/real-estate-investment
1544,https://www.zhihu.com/roundtable/psyjob
1545,https://www.zhihu.com/roundtable/vaccine-safety
1546,https://www.zhihu.com/roundtable/afterbig4
1547,https://www.zhihu.com/roundtable/ecohistory
1548,https://www.zhihu.com/roundtable/alphago-vs-lee
1549,https://www.zhihu.com/roundtable/twochild
1550,https://www.zhihu.com/roundtable/nian2016
1551,https://www.zhihu.com/roundtable/soccer
1552,https://www.zhihu.com/roundtable/language
1553,https://www.zhihu.com/roundtable/audit
1554,https://www.zhihu.com/roundtable/starwars
1555,https://www.zhihu.com/roundtable/bestof2015
1556,https://www.zhihu.com/roundtable/japan
1557,https://www.zhihu.com/roundtable/discriminate
1558,https://www.zhihu.com/roundtable/anxiety
1559,https://www.zhihu.com/roundtable/metro-inside
1560,https://www.zhihu.com/roundtable/typeface
1561,https://www.zhihu.com/roundtable/cognition
1562,https://www.zhihu.com/roundtable/rationalize
1563,https://www.zhihu.com/roundtable/hongkong
1564,https://www.zhihu.com/roundtable/marathon2015
1565,https://www.zhihu.com/roundtable/oceanography
1566,https://www.zhihu.com/roundtable/legalkit
1567,https://www.zhihu.com/roundtable/tnf-pro-player
1568,https://www.zhihu.com/roundtable/nobelprize2015
1569,https://www.zhihu.com/roundtable/anime
1570,https://www.zhihu.com/roundtable/urbanization
1571,https://www.zhihu.com/roundtable/family
1572,https://www.zhihu.com/roundtable/trader
1573,https://www.zhihu.com/roundtable/raisingachild
1574,https://www.zhihu.com/roundtable/knowingfood
1575,https://www.zhihu.com/roundtable/kitchen
1576,https://www.zhihu.com/roundtable/allaboutlove
1577,https://www.zhihu.com/roundtable/acg
1578,https://www.zhihu.com/roundtable/principleecon
1579,https://www.zhihu.com/roundtable/loneliness
1580,https://www.zhihu.com/roundtable/smart-urban-traffic
1581,https://www.zhihu.com/roundtable/lgbt
1582,https://www.zhihu.com/roundtable/cheers
1583,https://www.zhihu.com/roundtable/white-hat
1584,https://www.zhihu.com/roundtable/astronomy
1585,https://www.zhihu.com/roundtable/drama
1586,https://www.zhihu.com/roundtable/kids-safety
1587,https://www.zhihu.com/roundtable/taxation
1588,https://www.zhihu.com/roundtable/underpressure
1589,https://www.zhihu.com/roundtable/copyright2015
1590,https://www.zhihu.com/roundtable/drivetour
1591,https://www.zhihu.com/roundtable/decode-genetics
1592,https://www.zhihu.com/roundtable/good-coffee
1593,https://www.zhihu.com/roundtable/earthhour2015
1594,https://www.zhihu.com/roundtable/being-ceo
1595,https://www.zhihu.com/roundtable/everydaylife
1596,https://www.zhihu.com/roundtable/agriculturalfinance
1597,https://www.zhihu.com/roundtable/scientific-research
1598,https://www.zhihu.com/roundtable/outdoorsports
1599,https://www.zhihu.com/roundtable/superhero
1600,https://www.zhihu.com/roundtable/hedgefund
1601,https://www.zhihu.com/roundtable/car-design
1602,https://www.zhihu.com/roundtable/patent
1603,https://www.zhihu.com/roundtable/boutiquehotel
1604,https://www.zhihu.com/roundtable/oral-health
1605,https://www.zhihu.com/roundtable/mini-modern-british
1606,https://www.zhihu.com/roundtable/design1410
1607,https://www.zhihu.com/roundtable/quant
1608,https://www.zhihu.com/roundtable/parenting
1609,https://www.zhihu.com/roundtable/bondmkt
1610,https://www.zhihu.com/roundtable/hs2014
1611,https://www.zhihu.com/roundtable/depression
1612,https://www.zhihu.com/roundtable/animation
1613,https://www.zhihu.com/roundtable/smallfurniture
1614,https://www.zhihu.com/roundtable/cyberhack
1615,https://www.zhihu.com/roundtable/moocchina
1616,https://www.zhihu.com/roundtable/waveofvc
1617,https://www.zhihu.com/roundtable/npfoundation
1618,https://www.zhihu.com/roundtable/vaccinology
1619,https://www.zhihu.com/roundtable/jk-movies
1620,https://www.zhihu.com/roundtable/binggou
1621,https://www.zhihu.com/roundtable/homedesigner
1622,https://www.zhihu.com/roundtable/spacetravel
1623,https://www.zhihu.com/roundtable/indiebookstore
1624,https://www.zhihu.com/roundtable/cannes
1625,https://www.zhihu.com/roundtable/banking
1626,https://www.zhihu.com/roundtable/copyright2014
1627,https://www.zhihu.com/roundtable/smarttv
1628,https://www.zhihu.com/roundtable/filmsofhk
1629,https://www.zhihu.com/roundtable/earthhour2014
1630,https://www.zhihu.com/roundtable/roadtoipo
1631,https://www.zhihu.com/roundtable/frknomy
1632,https://www.zhihu.com/roundtable/lte
1633,https://www.zhihu.com/roundtable/zhimovie
1634,https://www.zhihu.com/roundtable/ph13
1635,https://www.zhihu.com/roundtable/fstat
1636,https://www.zhihu.com/roundtable/brain
1637,https://www.zhihu.com/roundtable/hs2013
1638,https://www.zhihu.com/roundtable/studyabroad
1639,https://www.zhihu.com/roundtable/skiing
1640,https://www.zhihu.com/roundtable/psyc
1641,https://www.zhihu.com/roundtable/youth
1642,https://www.zhihu.com/roundtable/btc
1643,https://www.zhihu.com/roundtable/apple1310
1644,https://www.zhihu.com/roundtable/money
1645,https://www.zhihu.com/roundtable/musicfestival
1646,https://www.zhihu.com/roundtable/baby
1647,https://www.zhihu.com/roundtable/mrsecond
1648,https://www.zhihu.com/roundtable/nice2
1649,https://www.zhihu.com/roundtable/apple910
1650,https://www.zhihu.com/roundtable/internetf
1651,https://www.zhihu.com/roundtable/film
1652,https://www.zhihu.com/roundtable/pwned
1653,https://www.zhihu.com/roundtable/building
1654,https://www.zhihu.com/roundtable/gongyi
1655,https://www.zhihu.com/roundtable/chinajoy-2013
1656,https://www.zhihu.com/roundtable/high-speed-rail
1657,https://www.zhihu.com/roundtable/design-trend
1658,https://www.zhihu.com/roundtable/design
1659,https://www.zhihu.com/roundtable/delay
1660,https://www.zhihu.com/roundtable/online-education
1661,https://www.zhihu.com/roundtable/app-operation
1662,https://www.zhihu.com/roundtable/desktop-mobile
1663,https://www.zhihu.com/roundtable/mobile-internet
